ID,study,study_label,type_long,event.e,n.e,mean.e,lower.e,upper.e,sd.e,se.e,event.c,n.c,mean.c,lower.c,upper.c,sd.c,se.c,ROB,outcome,AB,TE,lower,upper,est.type,Notes,type,outcome_asis,domain,study_design,rob,forest_plot_id,forest_plot_title,follow_up,rr_estimate,rr_lower,rr_upper,n_vax_outcome,n_vax_no_outcome,n_unvax_outcome,n_unvax_no_outcome,tau_sq,i_sq,p
,,Pooled,,,,,,,,,,,,,,,,,,,,,,,,,Pertussis Infection: Infants,Effectiveness,Observational,,1,Pertussis Infection: Infants (Effectiveness) - Observational,,0.812755167,0.465396438,1.419372619,,,,,0.074026182,0.553158968,0.0623
,,Pooled,,,,,,,,,,,,,,,,,,,,,,,,,Congenital Abnormalities,Safety - infant,Observational,,2,Congenital Abnormalities (Safety - infant) - Observational,,0.455565637,0.000164454,1261.991892,,,,,0.489146749,0.626016605,0.102
,,Pooled,,,,,,,,,,,,,,,,,,,,,,,,,Congenital Abnormalities,Safety - infant,RCT,,3,Congenital Abnormalities (Safety - infant) - RCT,,0.988403853,0.050887503,19.19807647,,,,,0.577113409,0.267324979,0.255
,,Pooled,,,,,,,,,,,,,,,,,,,,,,,,,Low Birth Weight,Safety - infant,Observational,,4,Low Birth Weight (Safety - infant) - Observational,,1.208748103,0.986795459,1.480622922,,,,,0,0,0.8
,,Pooled,,,,,,,,,,,,,,,,,,,,,,,,,Neonatal Death,Safety - infant,Observational,,5,Neonatal Death (Safety - infant) - Observational,,0.557286849,0.155789102,1.99351962,,,,,0,0,0.459
,,Pooled,,,,,,,,,,,,,,,,,,,,,,,,,Neonatal Death,Safety - infant,RCT,,6,Neonatal Death (Safety - infant) - RCT,,0.785714286,0.134606882,4.58629551,,,,,,,
,,Pooled,,,,,,,,,,,,,,,,,,,,,,,,,Small for Gestational Age (growth restriction),Safety - infant,Observational,,7,Small for Gestational Age (growth restriction) (Safety - infant) - Observational,,0.934466408,0.486197947,1.796032818,,,,,0.037046611,0.584064117,0.0903
,,Pooled,,,,,,,,,,,,,,,,,,,,,,,,,Fever,Safety - maternal,Observational,,8,Fever (Safety - maternal) - Observational,,2.013553256,0.554135679,7.316613732,,,,,0.257951487,0.637034429,0.0408
,,Pooled,,,,,,,,,,,,,,,,,,,,,,,,,Fever,Safety - maternal,RCT,,9,Fever (Safety - maternal) - RCT,,1.514943323,0.695084677,3.301832633,,,,,0,0,0.921
,,Pooled,,,,,,,,,,,,,,,,,,,,,,,,,Gestational Diabetes,Safety - maternal,Observational,,10,Gestational Diabetes (Safety - maternal) - Observational,,1.05005084,1.017112476,1.084055887,,,,,0.194396635,0.729675563,0.0544
,,Pooled,,,,,,,,,,,,,,,,,,,,,,,,,Gestational Diabetes,Safety - maternal,RCT,,11,Gestational Diabetes (Safety - maternal) - RCT,,0.562329803,0.062602802,5.051128675,,,,,0,0,0.749
,,Pooled,,,,,,,,,,,,,,,,,,,,,,,,,Preeclampsia or Eclampsia (Hypertensive Disorders),Safety - maternal,Observational,,12,Preeclampsia or Eclampsia (Hypertensive Disorders) (Safety - maternal) - Observational,,0.889726734,0.335558894,2.359090094,,,,,0.276377444,0.794758051,0.00218
,,Pooled,,,,,,,,,,,,,,,,,,,,,,,,,Preeclampsia or Eclampsia (Hypertensive Disorders),Safety - maternal,RCT,,13,Preeclampsia or Eclampsia (Hypertensive Disorders) (Safety - maternal) - RCT,,0.582253141,0.373962279,0.9065586,,,,,0,0,0.961
,,Pooled,,,,,,,,,,,,,,,,,,,,,,,,,Other Adverse Events,Safety - maternal,Observational,,14,Other Adverse Events (Safety - maternal) - Observational,,1.302664628,0.940357885,1.804563091,,,,,0.039792572,0.827246389,<0.001
,,Pooled,,,,,,,,,,,,,,,,,,,,,,,,,Other Adverse Events,Safety - maternal,RCT,,15,Other Adverse Events (Safety - maternal) - RCT,,0.874944251,0.396942787,1.928558642,,,,,0.058953855,0.602534779,0.0808
,,Pooled,,,,,,,,,,,,,,,,,,,,,,,,,Other Pregnancy-related Adverse Events,Safety - maternal,RCT,,16,Other Pregnancy-related Adverse Events (Safety - maternal) - RCT,,1.000222121,0.658937835,1.518268096,,,,,0,0,0.632
,,Pooled,,,,,,,,,,,,,,,,,,,,,,,,,"Other Placental Conditions (e.g., abruption)",Safety - maternal,Observational,,17,"Other Placental Conditions (e.g., abruption) (Safety - maternal) - Observational",,1.01558872,0.960665867,1.073651603,,,,,0,0,0.748
,,Pooled,,,,,,,,,,,,,,,,,,,,,,,,,"Other Placental Conditions (e.g., abruption)",Safety - maternal,RCT,,18,"Other Placental Conditions (e.g., abruption) (Safety - maternal) - RCT",,0.956458169,0.307351098,2.976440417,,,,,9.577576213,0.811413209,0.0213
,,Pooled,,,,,,,,,,,,,,,,,,,,,,,,,Preterm Birth (Premature Delivery),Safety - maternal,Observational,,19,Preterm Birth (Premature Delivery) (Safety - maternal) - Observational,,0.694379751,0.53304382,0.904547094,,,,,0.079587386,0.947030695,<0.001
,,Pooled,,,,,,,,,,,,,,,,,,,,,,,,,Preterm Birth (Premature Delivery),Safety - maternal,RCT,,20,Preterm Birth (Premature Delivery) (Safety - maternal) - RCT,,0.997269588,0.73826903,1.347133079,,,,,0,0,0.955
,,Pooled,,,,,,,,,,,,,,,,,,,,,,,,,Serious Adverse Events,Safety - maternal,Observational,,21,Serious Adverse Events (Safety - maternal) - Observational,,5.066195744,4.672293481,5.493306322,,,,,0,0,0.992
,,Pooled,,,,,,,,,,,,,,,,,,,,,,,,,Serious Adverse Events,Safety - maternal,RCT,,22,Serious Adverse Events (Safety - maternal) - RCT,,0.963317843,0.673330605,1.378195584,,,,,0,0,0.707
,,Pooled,,,,,,,,,,,,,,,,,,,,,,,,,Stillbirth,Safety - maternal,Observational,,23,Stillbirth (Safety - maternal) - Observational,,0.528175181,0.181498463,1.537032425,,,,,0,0,0.63
,,Pooled,,,,,,,,,,,,,,,,,,,,,,,,,Stillbirth,Safety - maternal,RCT,,24,Stillbirth (Safety - maternal) - RCT,,0.823531214,0.056346333,12.03634069,,,,,0,0,0.526
763,Chong 2022,Chong 2022,Non-randomized studies,0,8,,,,,,18,25,,,,,,Critical,Infect,,,,,,,NRS,Pertussis Infection: Infants,Effectiveness,Observational,Critical,1,Pertussis Infection: Infants (Effectiveness) - Observational,,0.081081081,0.005450862,1.20607382,0,8,18,7,,,
1667,Hincapie Palacio 2018,Hincapie Palacio 2018,Non-randomized studies,2,745,,,,,,0,260,,,,,,Critical,Infect,,,,,,,NRS,Pertussis Infection: Infants,Effectiveness,Observational,Critical,1,Pertussis Infection: Infants (Effectiveness) - Observational,,1.747149564,0.084149977,36.27489534,2,743,0,260,,,
2030,Khodr 2017,Khodr 2017,Non-randomized studies,1,5726,,,,,,14,93708,,,,,,Critical,Infect,,,,,,,NRS,Pertussis Infection: Infants,Effectiveness,Observational,Critical,1,Pertussis Infection: Infants (Effectiveness) - Observational,,1.168953645,0.153737564,8.888215657,1,5725,14,93694,,,
3777,Skoff 2024,Skoff 2024,Non-randomized studies,33,175,,,,,,142,494,,,,,,Critical,Infect,,,,,,Removed a: Vaccination before pregnancy; kept b: Vaccination during pregnancy,NRS,Pertussis Infection: Infants,Effectiveness,Observational,Critical,1,Pertussis Infection: Infants (Effectiveness) - Observational,,0.656016097,0.468218925,0.919136531,33,142,142,352,,,
4316,Winter 2017,Winter 2017,Non-randomized studies,36,37,,,,,,324,329,,,,,,Critical,Infect,,,,,,,NRS,Pertussis Infection: Infants,Effectiveness,Observational,Critical,1,Pertussis Infection: Infants (Effectiveness) - Observational,,0.987987988,0.934783185,1.044221035,36,1,324,5,,,
2002,Kerr 2020,Kerr 2020,Non-randomized studies,332,909,,,,,,12432,4822,,,,,,Critical,Inborn,,,,,,,NRS,Congenital Abnormalities,Safety - infant,Observational,Critical,2,Congenital Abnormalities (Safety - infant) - Observational,,,,,332,577,12432,-7610,,,
3561,Sancovski 2019,Sancovski 2019,Non-randomized studies,5,1119,,,,,,22,1248,,,,,,Critical,Inborn,,,,,,,NRS,Congenital Abnormalities,Safety - infant,Observational,Critical,2,Congenital Abnormalities (Safety - infant) - Observational,,0.253473068,0.096309411,0.667106108,5,1114,22,1226,,,
VB2020,Maertens 2016,Maertens 2016,Non-randomized studies,0,57,,,,,,0,42,,,,,,Critical,Inborn,,,,,,,NRS,Congenital Abnormalities,Safety - infant,Observational,Critical,2,Congenital Abnormalities (Safety - infant) - Observational,,,,,0,57,0,42,,,
VB2020,Morgan 2015,Morgan 2015,Non-randomized studies,84,7152,,,,,,3,226,,,,,,Critical,Inborn,,,,,,,NRS,Congenital Abnormalities,Safety - infant,Observational,Critical,2,Congenital Abnormalities (Safety - infant) - Observational,,0.884787472,0.281842816,2.777608036,84,7068,3,223,,,
1550,Haidara 2024,Haidara 2024,Randomized studies,4,126,,,,,,0,66,,,,,,Low,Inborn,,,,,,,RCT,Congenital Abnormalities,Safety - infant,RCT,Low,3,Congenital Abnormalities (Safety - infant) - RCT,,4.731225296,0.258595685,86.56174137,4,122,0,66,,,
3201,Perrett 2022,Perrett 2022,Randomized studies,9,341,,,,,,8,346,,,,,,Low,Inborn,,,,,,,RCT,Congenital Abnormalities,Safety - infant,RCT,Low,3,Congenital Abnormalities (Safety - infant) - RCT,,1.141495601,0.445644932,2.923879786,9,332,8,338,,,
13443,Hoang 2016,Hoang 2016,Randomized studies,0,52,,,,,,0,48,,,,,,High,Inborn,,,,,,,RCT,Congenital Abnormalities,Safety - infant,RCT,High,3,Congenital Abnormalities (Safety - infant) - RCT,,,,,0,52,0,48,,,
VB2020,Munoz 2014,Munoz 2014,Randomized studies,1,33,,,,,,2,15,,,,,,Low,Inborn,,,,,,,RCT,Congenital Abnormalities,Safety - infant,RCT,Low,3,Congenital Abnormalities (Safety - infant) - RCT,,0.227272727,0.022298936,2.316383723,1,32,2,13,,,
4316,Winter 2017,Winter 2017,Non-randomized studies,2,38,,,,,,16,306,,,,,,Critical,Lowgrow,,,,,,,NRS,Low Birth Weight,Safety - infant,Observational,Critical,4,Low Birth Weight (Safety - infant) - Observational,,1.006578947,0.240685447,4.20964869,2,36,16,290,,,
VB2020,Donegan 2014,Donegan 2014,Non-randomized studies,126,6185,,,,,,311,18523,,,,,,Critical,Lowgrow,,,,,,,NRS,Low Birth Weight,Safety - infant,Observational,Critical,4,Low Birth Weight (Safety - infant) - Observational,,1.213337943,0.988471941,1.489358375,126,6059,311,18212,,,
1667,Hincapie Palacio 2018,Hincapie Palacio 2018,Non-randomized studies,5,745,,,,,,2,260,,,,,,Critical,Neomort,,,,,,,NRS,Neonatal Death,Safety - infant,Observational,Critical,5,Neonatal Death (Safety - infant) - Observational,,0.872483221,0.170302866,4.469842413,5,740,2,258,,,
3561,Sancovski 2019,Sancovski 2019,Non-randomized studies,0,1119,,,,,,8,1248,,,,,,Critical,Neomort,,,,,,,NRS,Neonatal Death,Safety - infant,Observational,Critical,5,Neonatal Death (Safety - infant) - Observational,,0.065601765,0.003790602,1.135331975,0,1119,8,1240,,,
4316,Winter 2017,Winter 2017,Non-randomized studies,0,49,,,,,,6,371,,,,,,Critical,Neomort,,,,,,,NRS,Neonatal Death,Safety - infant,Observational,Critical,5,Neonatal Death (Safety - infant) - Observational,,0.577311577,0.033023416,10.09249497,0,49,6,365,,,
VB2020,Donegan 2014,Donegan 2014,Non-randomized studies,2,6185,,,,,,6,18523,,,,,,Critical,Neomort,,,,,,,NRS,Neonatal Death,Safety - infant,Observational,Critical,5,Neonatal Death (Safety - infant) - Observational,,0.998275397,0.201533328,4.944858403,2,6183,6,18517,,,
VB2020,Morgan 2015,Morgan 2015,Non-randomized studies,2,7152,,,,,,0,226,,,,,,Critical,Neomort,,,,,,,NRS,Neonatal Death,Safety - infant,Observational,Critical,5,Neonatal Death (Safety - infant) - Observational,,0.158336246,0.007623112,3.288731358,2,7150,0,226,,,
1550,Haidara 2024,Haidara 2024,Randomized studies,3,126,,,,,,2,66,,,,,,Low,Neomort,,,,,,,RCT,Neonatal Death,Safety - infant,RCT,Low,6,Neonatal Death (Safety - infant) - RCT,,0.785714286,0.134602518,4.586444195,3,123,2,64,,,
3201,Perrett 2020,Perrett 2020,Randomized studies,0,341,,,,,,0,346,,,,,,Low,Neomort,,,,,,,RCT,Neonatal Death,Safety - infant,RCT,Low,6,Neonatal Death (Safety - infant) - RCT,,,,,0,341,0,346,,,
417,Berenson 2016,Berenson 2016,Non-randomized studies,46,1109,,,,,,31,650,,,,,,Critical,Nogrow,,,,,,,NRS,Small for Gestational Age (growth restriction),Safety - infant,Observational,Critical,7,Small for Gestational Age (growth restriction) (Safety - infant) - Observational,,0.869716978,0.55731293,1.357240398,46,1063,31,619,,,
1778,Immink 2023,Immink 2023,Non-randomized studies,51,685,,,,,,232,2369,,,,,,Critical,Nogrow,,,,,,,NRS,Small for Gestational Age (growth restriction),Safety - infant,Observational,Critical,7,Small for Gestational Age (growth restriction) (Safety - infant) - Observational,,0.76025044,0.568325175,1.016989494,51,634,232,2137,,,
3561,Sancovski 2019,Sancovski 2019,Non-randomized studies,69,1119,,,,,,62,1248,,,,,,Critical,Nogrow,,,,,,,NRS,Small for Gestational Age (growth restriction),Safety - infant,Observational,Critical,7,Small for Gestational Age (growth restriction) (Safety - infant) - Observational,,1.241200381,0.889339898,1.732271754,69,1050,62,1186,,,
1442,Glover 2020,Glover 2020,Non-randomized studies,44,7886,,,,,,22,4188,,,,,,Critical,Fever,,,,,,,NRS,Fever,Safety - maternal,Observational,Critical,8,Fever (Safety - maternal) - Observational,,1.06213543,0.637543387,1.769497879,44,7842,22,4166,,,
2944,Nguyen 2025,Nguyen 2025,Non-randomized studies,3,281,,,,,,1,204,,,,,,Critical,Fever,,,,,,,NRS,Fever,Safety - maternal,Observational,Critical,8,Fever (Safety - maternal) - Observational,,2.177935943,0.228174773,20.78847238,3,278,1,203,,,
VB2020,Kharbanda 2016,Kharbanda 2016,Non-randomized studies,15,53855,,,,,,6,109253,,,,,,Critical,Fever,,,,,,,NRS,Fever,Safety - maternal,Observational,Critical,8,Fever (Safety - maternal) - Observational,,5.071627518,1.967862781,13.07073132,15,53840,6,109247,,,
VB2020,Maertens 2016,Maertens 2016,Non-randomized studies,1,57,,,,,,0,42,,,,,,Critical,Fever,,,,,,,NRS,Fever,Safety - maternal,Observational,Critical,8,Fever (Safety - maternal) - Observational,,2.217391304,0.092579949,53.10895348,1,56,0,42,,,
3201,Perrett 2020,Perrett 2020,Randomized studies,4,341,,,,,,3,346,,,,,,Low,Fever,,,,,,,RCT,Fever,Safety - maternal,RCT,Low,9,Fever (Safety - maternal) - RCT,,1.352883675,0.305060135,5.999781776,4,337,3,343,,,
3810,Sompagdee 2020,Sompagdee 2020,Randomized studies,0,87,,,,,,0,13,,,,,,High,Fever,,,,,,Summed the exposed numbers; a: Seronegativity with Tdap; b: Seropositivity with Tdap,RCT,Fever,Safety - maternal,RCT,High,9,Fever (Safety - maternal) - RCT,,,,,0,87,0,13,,,
13443,Hoang 2016,Hoang 2016,Randomized studies,1,52,,,,,,0,48,,,,,,High,Fever,,,,,,,RCT,Fever,Safety - maternal,RCT,High,9,Fever (Safety - maternal) - RCT,,2.771428571,0.11562422,66.42912993,1,51,0,48,,,
VB2020,Munoz 2014,Munoz 2014,Randomized studies,1,33,,,,,,0,15,,,,,,Low,Fever,,,,,,,RCT,Fever,Safety - maternal,RCT,Low,9,Fever (Safety - maternal) - RCT,,1.388059701,0.059867726,32.18277812,1,32,0,15,,,
374,Becerra-Culqui 2018,Becerra-Culqui 2018,Non-randomized studies,6238,39077,,,,,,6513,42916,,,,,,Critical,Matdiab,,,,,,,NRS,Gestational Diabetes,Safety - maternal,Observational,Critical,10,Gestational Diabetes (Safety - maternal) - Observational,,1.051870594,1.01884162,1.085970305,6238,32839,6513,36403,,,
3561,Sancovski 2019,Sancovski 2019,Non-randomized studies,10,1119,,,,,,22,1248,,,,,,Critical,Matdiab,,,,,,,NRS,Gestational Diabetes,Safety - maternal,Observational,Critical,10,Gestational Diabetes (Safety - maternal) - Observational,,0.506946137,0.241111174,1.065875054,10,1109,22,1226,,,
358,Barug 2019,Barug 2019,Randomized studies,0,58,,,,,,1,60,,,,,,Low,Matdiab,,,,,,,RCT,Gestational Diabetes,Safety - maternal,RCT,Low,11,Gestational Diabetes (Safety - maternal) - RCT,,0.344729345,0.01432971,8.29314229,0,58,1,59,,,
3201,Perrett 2020,Perrett 2020,Randomized studies,0,341,,,,,,0,346,,,,,,Low,Matdiab,,,,,,,RCT,Gestational Diabetes,Safety - maternal,RCT,Low,11,Gestational Diabetes (Safety - maternal) - RCT,,,,,0,341,0,346,,,
3810,Sompagdee 2020,Sompagdee 2020,Randomized studies,12,87,,,,,,3,13,,,,,,Some concerns,Matdiab,,,,,,,RCT,Gestational Diabetes,Safety - maternal,RCT,Some concerns,11,Gestational Diabetes (Safety - maternal) - RCT,,0.597701149,0.19444457,1.837267372,12,75,3,10,,,
374,Becerra-Culqui 2018,Becerra-Culqui 2018,Non-randomized studies,3139,39077,,,,,,3514,42916,,,,,,Critical,Mathyp,,,,,,,NRS,Preeclampsia or Eclampsia (Hypertensive Disorders),Safety - maternal,Observational,Critical,12,Preeclampsia or Eclampsia (Hypertensive Disorders) (Safety - maternal) - Observational,,0.981041954,0.936801682,1.027371464,3139,35938,3514,39402,,,
3561,Sancovski 2019,Sancovski 2019,Non-randomized studies,23,1119,,,,,,62,1248,,,,,,Critical,Mathyp,,,,,,,NRS,Preeclampsia or Eclampsia (Hypertensive Disorders),Safety - maternal,Observational,Critical,12,Preeclampsia or Eclampsia (Hypertensive Disorders) (Safety - maternal) - Observational,,0.41373346,0.258151913,0.663080022,23,1096,62,1186,,,
VB2020,Donegan 2014,Donegan 2014,Non-randomized studies,22,6185,,,,,,54,18523,,,,,,Critical,Mathyp,,,,,,,NRS,Preeclampsia or Eclampsia (Hypertensive Disorders),Safety - maternal,Observational,Critical,12,Preeclampsia or Eclampsia (Hypertensive Disorders) (Safety - maternal) - Observational,,1.220114375,0.743817298,2.001404232,22,6163,54,18469,,,
VB2020,Maertens 2016,Maertens 2016,Non-randomized studies,6,57,,,,,,2,42,,,,,,Critical,Mathyp,,,,,,,NRS,Preeclampsia or Eclampsia (Hypertensive Disorders),Safety - maternal,Observational,Critical,12,Preeclampsia or Eclampsia (Hypertensive Disorders) (Safety - maternal) - Observational,,2.210526316,0.469224609,10.41383274,6,51,2,40,,,
358,Barug 2019,Barug 2019,Randomized studies,1,58,,,,,,1,60,,,,,,Low,Mathyp,,,,,,,RCT,Preeclampsia or Eclampsia (Hypertensive Disorders),Safety - maternal,RCT,Low,13,Preeclampsia or Eclampsia (Hypertensive Disorders) (Safety - maternal) - RCT,,1.034482759,0.06624737,16.15391784,1,57,1,59,,,
1550,Haidara 2024,Haidara 2024,Randomized studies,2,133,,,,,,2,67,,,,,,Low,Mathyp,,,,,,,RCT,Preeclampsia or Eclampsia (Hypertensive Disorders),Safety - maternal,RCT,Low,13,Preeclampsia or Eclampsia (Hypertensive Disorders) (Safety - maternal) - RCT,,0.503759398,0.072545857,3.498111961,2,131,2,65,,,
3201,Perrett 2020,Perrett 2020,Randomized studies,5,341,,,,,,10,346,,,,,,Low,Mathyp,,,,,,,RCT,Preeclampsia or Eclampsia (Hypertensive Disorders),Safety - maternal,RCT,Low,13,Preeclampsia or Eclampsia (Hypertensive Disorders) (Safety - maternal) - RCT,,0.507331378,0.175229652,1.4688446,5,336,10,336,,,
3810,Sompagdee 2020,Sompagdee 2020,Randomized studies,4,87,,,,,,0,13,,,,,,Some concerns,Mathyp,,,,,,,RCT,Preeclampsia or Eclampsia (Hypertensive Disorders),Safety - maternal,RCT,Some concerns,13,Preeclampsia or Eclampsia (Hypertensive Disorders) (Safety - maternal) - RCT,,1.388571429,0.079122429,24.36895136,4,83,0,13,,,
VB2020,Halperin 2018,Halperin 2018,Randomized studies,1,134,,,,,,2,138,,,,,,Moderate,Mathyp,,,,,,,RCT,Preeclampsia or Eclampsia (Hypertensive Disorders),Safety - maternal,RCT,Moderate,13,Preeclampsia or Eclampsia (Hypertensive Disorders) (Safety - maternal) - RCT,,0.514925373,0.047243767,5.612341178,1,133,2,136,,,
417,Berenson 2016,Berenson 2016,Non-randomized studies,9,1109,,,,,,5,650,,,,,,Critical,MiscAE,,,,,,,NRS,Other Adverse Events,Safety - maternal,Observational,Critical,14,Other Adverse Events (Safety - maternal) - Observational,,1.055004509,0.355086117,3.134548095,9,1100,5,645,,,
1442,Glover 2020,Glover 2020,Non-randomized studies,968,7886,,,,,,386,4188,,,,,,Critical,MiscAE,,,,,,,NRS,Other Adverse Events,Safety - maternal,Observational,Critical,14,Other Adverse Events (Safety - maternal) - Observational,,1.331796757,1.190831523,1.489448815,968,6918,386,3802,,,
1555,Hall 2020,Hall 2020,Non-randomized studies,433,10710,,,,,,3316,131450,,,,,,Critical,MiscAE,,,,,,,NRS,Other Adverse Events,Safety - maternal,Observational,Critical,14,Other Adverse Events (Safety - maternal) - Observational,,1.602671426,1.452774132,1.76803513,433,10277,3316,128134,,,
1868,Jones 2021,Jones 2021,Non-randomized studies,0,77,,,,,,1,27,,,,,,Critical,MiscAE,,,,,,,NRS,Other Adverse Events,Safety - maternal,Observational,Critical,14,Other Adverse Events (Safety - maternal) - Observational,,0.11827957,0.004963388,2.818650617,0,77,1,26,,,
2944,Nguyen 2025,Nguyen 2025,Non-randomized studies,190,281,,,,,,126,204,,,,,,Critical,MiscAE,,,,,,,NRS,Other Adverse Events,Safety - maternal,Observational,Critical,14,Other Adverse Events (Safety - maternal) - Observational,,1.094729707,0.956552611,1.252866928,190,91,126,78,,,
1550,Haidara 2024,Haidara 2024,Randomized studies,38,133,,,,,,31,67,,,,,,Low,MiscAE,,,,,,,RCT,Other Adverse Events,Safety - maternal,RCT,Low,15,Other Adverse Events (Safety - maternal) - RCT,,0.617511521,0.425448817,0.89627815,38,95,31,36,,,
3201,Perrett 2020,Perrett 2020,Randomized studies,758,341,,,,,,360,346,,,,,,Low,MiscAE,,,,,,,RCT,Other Adverse Events,Safety - maternal,RCT,Low,15,Other Adverse Events (Safety - maternal) - RCT,,,,,758,-417,360,-14,,,
4167,VillarrealPerez 2017,VillarrealPerez 2017,Randomized studies,34,90,,,,,,28,81,,,,,,Some concerns,MiscAE,,,,,,,RCT,Other Adverse Events,Safety - maternal,RCT,Some concerns,15,Other Adverse Events (Safety - maternal) - RCT,,1.092857143,0.732493891,1.630507433,34,56,28,53,,,
13443,Hoang 2016,Hoang 2016,Randomized studies,23,52,,,,,,22,51,,,,,,High,MiscAE,,,,,,,RCT,Other Adverse Events,Safety - maternal,RCT,High,15,Other Adverse Events (Safety - maternal) - RCT,,1.02534965,0.661233482,1.589970765,23,29,22,29,,,
358,Barug 2019,Barug 2019,Randomized studies,5,58,,,,,,3,60,,,,,,Low,PgAE,,,,,,,RCT,Other Pregnancy-related Adverse Events,Safety - maternal,RCT,Low,16,Other Pregnancy-related Adverse Events (Safety - maternal) - RCT,,1.724137931,0.431535554,6.888543893,5,53,3,57,,,
1550,Haidara 2024,Haidara 2024,Randomized studies,5,133,,,,,,0,67,,,,,,Low,PgAE,,,,,,,RCT,Other Pregnancy-related Adverse Events,Safety - maternal,RCT,Low,16,Other Pregnancy-related Adverse Events (Safety - maternal) - RCT,,5.561797753,0.31212435,99.10663562,5,128,0,67,,,
3201,Perrett 2020,Perrett 2020,Randomized studies,41,341,,,,,,46,346,,,,,,Low,PgAE,,,,,,,RCT,Other Pregnancy-related Adverse Events,Safety - maternal,RCT,Low,16,Other Pregnancy-related Adverse Events (Safety - maternal) - RCT,,0.904373327,0.610173006,1.340424939,41,300,46,300,,,
3810,Sompagdee 2020,Sompagdee 2020,Randomized studies,4,87,,,,,,0,13,,,,,,Some concerns,PgAE,,,,,,,RCT,Other Pregnancy-related Adverse Events,Safety - maternal,RCT,Some concerns,16,Other Pregnancy-related Adverse Events (Safety - maternal) - RCT,,1.388571429,0.079122429,24.36895136,4,83,0,13,,,
13443,Hoang 2016,Hoang 2016,Randomized studies,2,52,,,,,,1,51,,,,,,High,PgAE,,,,,,,RCT,Other Pregnancy-related Adverse Events,Safety - maternal,RCT,High,16,Other Pregnancy-related Adverse Events (Safety - maternal) - RCT,,1.961538462,0.183509347,20.96696001,2,50,1,50,,,
374,Becerra-Culqui 2018,Becerra-Culqui 2018,Non-randomized studies,2232,39077,,,,,,2416,42916,,,,,,Critical,Placenta,,,,,,,NRS,"Other Placental Conditions (e.g., abruption)",Safety - maternal,Observational,Critical,17,"Other Placental Conditions (e.g., abruption) (Safety - maternal) - Observational",,1.014600991,0.959453068,1.072918733,2232,36845,2416,40500,,,
417,Berenson 2016,Berenson 2016,Non-randomized studies,36,1109,,,,,,19,650,,,,,,Critical,Placenta,,,,,,,NRS,"Other Placental Conditions (e.g., abruption)",Safety - maternal,Observational,Critical,17,"Other Placental Conditions (e.g., abruption) (Safety - maternal) - Observational",,1.110531062,0.642459355,1.919622197,36,1073,19,631,,,
358,Barug 2019,Barug 2019,Randomized studies,4,58,,,,,,0,60,,,,,,Low,Placenta,,,,,,,RCT,"Other Placental Conditions (e.g., abruption)",Safety - maternal,RCT,Low,18,"Other Placental Conditions (e.g., abruption) (Safety - maternal) - RCT",,9.307692308,0.512340315,169.0929517,4,54,0,60,,,
1550,Haidara 2024,Haidara 2024,Randomized studies,0,133,,,,,,3,67,,,,,,Low,Placenta,,,,,,,RCT,"Other Placental Conditions (e.g., abruption)",Safety - maternal,RCT,Low,18,"Other Placental Conditions (e.g., abruption) (Safety - maternal) - RCT",,0.07223114,0.003785295,1.378317285,0,133,3,64,,,
374,Becerra-Culqui 2018,Becerra-Culqui 2018,Non-randomized studies,2235,39077,,,,,,3855,42916,,,,,,Critical,Prebirth,,,,,,,NRS,Preterm Birth (Premature Delivery),Safety - maternal,Observational,Critical,19,Preterm Birth (Premature Delivery) (Safety - maternal) - Observational,,0.636723922,0.605504221,0.669553306,2235,36842,3855,39061,,,
375,Becerra-Culqui 2020,Becerra-Culqui 2020,Non-randomized studies,2392,41781,,,,,,3909,43826,,,,,,Critical,Prebirth,,,,,,,NRS,Preterm Birth (Premature Delivery),Safety - maternal,Observational,Critical,19,Preterm Birth (Premature Delivery) (Safety - maternal) - Observational,,0.641872115,0.611127571,0.674163352,2392,39389,3909,39917,,,
1778,Immink 2023,Immink 2023,Non-randomized studies,65,690,,,,,,168,2406,,,,,,Critical,Prebirth,,,,,,"Both were labeled as Immink 2023a, assuming same group; a - Vaccinated 20-24w GA",NRS,Preterm Birth (Premature Delivery),Safety - maternal,Observational,Critical,19,Preterm Birth (Premature Delivery) (Safety - maternal) - Observational,,1.349120083,1.026289018,1.773501387,65,625,168,2238,,,
4101,VandenBosch 2026,VandenBosch 2026,Non-randomized studies,178,2375,,,,,,92,923,,,,,,Critical,Prebirth,,,,,,,NRS,Preterm Birth (Premature Delivery),Safety - maternal,Observational,Critical,19,Preterm Birth (Premature Delivery) (Safety - maternal) - Observational,,0.75191762,0.591529946,0.955792874,178,2197,92,831,,,
4316,Winter 2017,Winter 2017,Non-randomized studies,1,38,,,,,,22,302,,,,,,Critical,Prebirth,,,,,,,NRS,Preterm Birth (Premature Delivery),Safety - maternal,Observational,Critical,19,Preterm Birth (Premature Delivery) (Safety - maternal) - Observational,,0.361244019,0.05010414,2.604520159,1,37,22,280,,,
VB2020,DeSilva 2017,DeSilva 2017,Non-randomized studies,426,45008,,,,,,2711,152556,,,,,,Serious,Prebirth,,,,,,,NRS,Preterm Birth (Premature Delivery),Safety - maternal,Observational,Serious,19,Preterm Birth (Premature Delivery) (Safety - maternal) - Observational,,0.532622685,0.481162222,0.589586862,426,44582,2711,149845,,,
VB2020,Morgan 2015,Morgan 2015,Non-randomized studies,427,7152,,,,,,27,226,,,,,,Critical,Prebirth,,,,,,,NRS,Preterm Birth (Premature Delivery),Safety - maternal,Observational,Critical,19,Preterm Birth (Premature Delivery) (Safety - maternal) - Observational,,0.499741072,0.346672813,0.720394361,427,6725,27,199,,,
VB2020,Layton 2017,Layton 2017,Non-randomized studies,8747,148817,,,,,,66968,871177,,,,,,Critical,Prebirth,,,,,,<27GW at vaccination + >= 27GW at vaccination for exposed groups,NRS,Preterm Birth (Premature Delivery),Safety - maternal,Observational,Critical,19,Preterm Birth (Premature Delivery) (Safety - maternal) - Observational,,0.76462,0.748285261,0.781311318,8747,140070,66968,804209,,,
1550,Haidara 2024,Haidara 2024,Randomized studies,8,133,,,,,,4,67,,,,,,Low,Prebirth,,,,,,,RCT,Preterm Birth (Premature Delivery),Safety - maternal,RCT,Low,20,Preterm Birth (Premature Delivery) (Safety - maternal) - RCT,,1.007518797,0.314652318,3.226081834,8,125,4,63,,,
3201,Perrett 2020,Perrett 2020,Randomized studies,11,341,,,,,,9,346,,,,,,Low,Prebirth,,,,,,,RCT,Preterm Birth (Premature Delivery),Safety - maternal,RCT,Low,20,Preterm Birth (Premature Delivery) (Safety - maternal) - RCT,,1.240143369,0.520513726,2.954687841,11,330,9,337,,,
3810,Sompagdee 2020,Sompagdee 2020,Randomized studies,4,87,,,,,,0,13,,,,,,Some concerns,Prebirth,,,,,,,RCT,Preterm Birth (Premature Delivery),Safety - maternal,RCT,Some concerns,20,Preterm Birth (Premature Delivery) (Safety - maternal) - RCT,,1.388571429,0.079122429,24.36895136,4,83,0,13,,,
13443,Hoang 2016,Hoang 2016,Randomized studies,0,52,,,,,,1,51,,,,,,High,Prebirth,,,,,,,RCT,Preterm Birth (Premature Delivery),Safety - maternal,RCT,High,20,Preterm Birth (Premature Delivery) (Safety - maternal) - RCT,,0.326984127,0.013631901,7.843265249,0,52,1,50,,,
VB2020,Halperin 2018,Halperin 2018,Randomized studies,2,134,,,,,,1,138,,,,,,Moderate,Prebirth,,,,,,,RCT,Preterm Birth (Premature Delivery),Safety - maternal,RCT,Moderate,20,Preterm Birth (Premature Delivery) (Safety - maternal) - RCT,,2.059701493,0.188975069,22.44936471,2,132,1,137,,,
VB2020,Munoz 2014,Munoz 2014,Randomized studies,3,33,,,,,,1,15,,,,,,Low,Prebirth,,,,,,,RCT,Preterm Birth (Premature Delivery),Safety - maternal,RCT,Low,20,Preterm Birth (Premature Delivery) (Safety - maternal) - RCT,,1.363636364,0.154246067,12.0554395,3,30,1,14,,,
VB2020,Shakib 2013,Shakib 2013,Randomized studies,8,134,,,,,,38,505,,,,,,Serious,Prebirth,,,,,,,RCT,Preterm Birth (Premature Delivery),Safety - maternal,RCT,Serious,20,Preterm Birth (Premature Delivery) (Safety - maternal) - RCT,,0.793401414,0.379204373,1.66001726,8,126,38,467,,,
1868,Jones 2021,Jones 2021,Non-randomized studies,0,77,,,,,,0,27,,,,,,Critical,SAE,,,,,,,NRS,Serious Adverse Events,Safety - maternal,Observational,Critical,21,Serious Adverse Events (Safety - maternal) - Observational,,,,,0,77,0,27,,,
2944,Nguyen 2025,Nguyen 2025,Non-randomized studies,14,281,,,,,,2,204,,,,,,Critical,SAE,,,,,,,NRS,Serious Adverse Events,Safety - maternal,Observational,Critical,21,Serious Adverse Events (Safety - maternal) - Observational,,5.081850534,1.167732953,22.11567703,14,267,2,202,,,
3561,Sancovski 2019,Sancovski 2019,Non-randomized studies,0,1119,,,,,,0,1248,,,,,,Critical,SAE,,,,,,,NRS,Serious Adverse Events,Safety - maternal,Observational,Critical,21,Serious Adverse Events (Safety - maternal) - Observational,,,,,0,1119,0,1248,,,
4065,Tseng 2022,Tseng 2022,Non-randomized studies,2,16606,,,,,,0,16606,,,,,,Critical,SAE,,,,,,Maternal death,NRS,Serious Adverse Events,Safety - maternal,Observational,Critical,21,Serious Adverse Events (Safety - maternal) - Observational,,5,0.240050768,104.1446366,2,16604,0,16606,,,
1550,Haidara 2024,Haidara 2024,Randomized studies,22,133,,,,,,10,67,,,,,,Low,SAE,,,,,,,RCT,Serious Adverse Events,Safety - maternal,RCT,Low,22,Serious Adverse Events (Safety - maternal) - RCT,,1.108270677,0.55731386,2.203899777,22,111,10,57,,,
3201,Perrett 2020,Perrett 2020,Randomized studies,64,341,,,,,,70,346,,,,,,Low,SAE,,,,,,,RCT,Serious Adverse Events,Safety - maternal,RCT,Low,22,Serious Adverse Events (Safety - maternal) - RCT,,0.927691663,0.684371858,1.257520764,64,277,70,276,,,
13443,Hoang 2016,Hoang 2016,Randomized studies,1,52,,,,,,0,51,,,,,,High,SAE,,,,,,,RCT,Serious Adverse Events,Safety - maternal,RCT,High,22,Serious Adverse Events (Safety - maternal) - RCT,,2.942857143,0.122687113,70.58938724,1,51,0,51,,,
417,Berenson 2016,Berenson 2016,Non-randomized studies,0,1109,,,,,,1,650,,,,,,Critical,Stillbirth,,,,,,,NRS,Stillbirth,Safety - maternal,Observational,Critical,23,Stillbirth (Safety - maternal) - Observational,,0.195433378,0.007972648,4.790654654,0,1109,1,649,,,
3561,Sancovski 2019,Sancovski 2019,Non-randomized studies,1,1119,,,,,,6,1248,,,,,,Critical,Stillbirth,,,,,,,NRS,Stillbirth,Safety - maternal,Observational,Critical,23,Stillbirth (Safety - maternal) - Observational,,0.18588025,0.022412057,1.541646423,1,1118,6,1242,,,
VB2020,Donegan 2014,Donegan 2014,Non-randomized studies,5,13371,,,,,,7,13371,,,,,,Critical,Stillbirth,,,,,,,NRS,Stillbirth,Safety - maternal,Observational,Critical,23,Stillbirth (Safety - maternal) - Observational,,0.714285714,0.226756086,2.250012741,5,13366,7,13364,,,
VB2020,Morgan 2015,Morgan 2015,Non-randomized studies,25,7152,,,,,,1,226,,,,,,Critical,Stillbirth,,,,,,,NRS,Stillbirth,Safety - maternal,Observational,Critical,23,Stillbirth (Safety - maternal) - Observational,,0.789988814,0.107511132,5.80481586,25,7127,1,225,,,
1550,Haidara 2024,Haidara 2024,Randomized studies,4,133,,,,,,1,67,,,,,,Low,Stillbirth,,,,,,,RCT,Stillbirth,Safety - maternal,RCT,Low,24,Stillbirth (Safety - maternal) - RCT,,2.015037594,0.22970797,17.67625434,4,129,1,66,,,
3201,Perrett 2020,Perrett 2020,Randomized studies,0,341,,,,,,0,346,,,,,,Low,Stillbirth,,,,,,,RCT,Stillbirth,Safety - maternal,RCT,Low,24,Stillbirth (Safety - maternal) - RCT,,,,,0,341,0,346,,,
3810,Sompagdee 2020,Sompagdee 2020,Randomized studies,0,87,,,,,,0,13,,,,,,Some concerns,Stillbirth,,,,,,,RCT,Stillbirth,Safety - maternal,RCT,Some concerns,24,Stillbirth (Safety - maternal) - RCT,,,,,0,87,0,13,,,
13443,Hoang 2016,Hoang 2016,Randomized studies,0,52,,,,,,1,51,,,,,,High,Stillbirth,,,,,,,RCT,Stillbirth,Safety - maternal,RCT,High,24,Stillbirth (Safety - maternal) - RCT,,0.326984127,0.013631901,7.843265249,0,52,1,50,,,
VB2020,Shakib 2013,Shakib 2013,Randomized studies,0,138,,,,,,5,552,,,,,,Serious,Stillbirth,,,,,,,RCT,Stillbirth,Safety - maternal,RCT,Serious,24,Stillbirth (Safety - maternal) - RCT,,0.362651789,0.020172669,6.519530114,0,138,5,547,,,
763,Chong 2022,Chong 2022,Non-randomized studies,0,8,,,,,,4,25,,,,,,Critical,Complex,,,,,,,NRS,Complications: Severe Complications of Pertussis in Infants,Effectiveness,Observational,Critical,,,,,,,0,8,4,21,,,
1442,Glover 2020,Glover 2020,Non-randomized studies,0,7886,,,,,,1,4188,,,,,,Critical,Abort,,,,,,,NRS,Miscarriage or Spontaneous Abortion,Safety - maternal,Observational,Critical,,,,,,,0,7886,1,4187,,,
1550,Haidara 2024,Haidara 2024,Randomized studies,1,133,,,,,,0,67,,,,,,Low,Abort,,,,,,,RCT,Miscarriage or Spontaneous Abortion,Safety - maternal,RCT,Low,,,,,,,1,132,0,67,,,
1555,Hall 2020,Hall 2020,Non-randomized studies,549,10710,,,,,,16350,131450,,,,,,Critical,PgAE,,,,,,,NRS,Other Pregnancy-related Adverse Events,Safety - maternal,Observational,Critical,,,,,,,549,10161,16350,115100,,,
3201,Perrett 2020,Perrett 2020,Randomized studies,0,341,,,,,,2,346,,,,,,Low,Chorio,,,,,,,RCT,Chorioamnionitis,Safety - maternal,RCT,Low,,,,,,,0,341,2,344,,,
3201,Perrett 2021,Perrett 2021,Randomized studies,7,341,,,,,,4,346,,,,,,Low,Nogrow,,,,,,,RCT,Small for Gestational Age (growth restriction),Safety - infant,RCT,Low,,,,,,,7,334,4,342,,,
3201,Perrett 2023,Perrett 2023,Randomized studies,0,341,,,,,,2,346,,,,,,Low,Neosep,,,,,,,RCT,Neonatal Sepsis,Safety - infant,RCT,Low,,,,,,,0,341,2,344,,,
3738,SilvaDirzo 2026,SilvaDirzo 2026,Non-randomized studies,0,2,,,,,,0,6,,,,,,Critical,Permort,,,,,,,NRS,Death: Mortality Attributed to Pertussis in Infants,Effectiveness,Observational,Critical,,,,,,,0,2,0,6,,,
VB2020,Morgan 2015,Morgan 2015,Non-randomized studies,421,7152,,,,,,9,226,,,,,,Critical,Chorio,,,,,,,NRS,Chorioamnionitis,Safety - maternal,Observational,Critical,,,,,,,421,6731,9,217,,,
,,Pooled,,,,,,,,,,,,,,,,,,,,,,,,,Complications: Severe Complications of Pertussis in Infants,Effectiveness,Observational (adjusted),,25,Complications: Severe Complications of Pertussis in Infants (Effectiveness) - Observational (adjusted),,0.310360982,0.162897679,0.591315602,,,,,0.157041537,0.26494436,0.226
,,Pooled,,,,,,,,,,,,,,,,,,,,,,,,,Pertussis Infection: Infants,Effectiveness,Observational (adjusted),,26,Pertussis Infection: Infants (Effectiveness) - Observational (adjusted),,0.266231059,0.163712352,0.432948253,,,,,0.421733136,0.668070771,<0.001
,,Pooled,,,,,,,,,,,,,,,,,,,,,,,,,Congenital Abnormalities,Safety - infant,Observational (adjusted),,27,Congenital Abnormalities (Safety - infant) - Observational (adjusted),,0.952761951,0.844115751,1.075392012,,,,,0.00708001,0.688804175,0.00666
,,Pooled,,,,,,,,,,,,,,,,,,,,,,,,,Low Birth Weight,Safety - infant,Observational (adjusted),,28,Low Birth Weight (Safety - infant) - Observational (adjusted),,0.738158672,0.684757833,0.795723974,,,,,0,0,0.591
,,Pooled,,,,,,,,,,,,,,,,,,,,,,,,,NICU Admission,Safety - infant,Observational (adjusted),,29,NICU Admission (Safety - infant) - Observational (adjusted),,0.810269415,0.610651491,1.075141115,,,,,0.058082299,0.982077103,<0.001
,,Pooled,,,,,,,,,,,,,,,,,,,,,,,,,Neonatal Death,Safety - infant,Observational (adjusted),,30,Neonatal Death (Safety - infant) - Observational (adjusted),,0.376483103,0.281618189,0.503303879,,,,,0.31553912,0.7826852,0.0319
,,Pooled,,,,,,,,,,,,,,,,,,,,,,,,,Neonatal Sepsis,Safety - infant,Observational (adjusted),,31,Neonatal Sepsis (Safety - infant) - Observational (adjusted),,0.862556463,0.813802203,0.914231553,,,,,0,0.002938512,0.39
,,Pooled,,,,,,,,,,,,,,,,,,,,,,,,,Small for Gestational Age (growth restriction),Safety - infant,Observational (adjusted),,32,Small for Gestational Age (growth restriction) (Safety - infant) - Observational (adjusted),,0.846015454,0.79826702,0.896619965,,,,,0.000941321,0.312484561,0.201
,,Pooled,,,,,,,,,,,,,,,,,,,,,,,,,Chorioamnionitis,Safety - maternal,Observational (adjusted),,33,Chorioamnionitis (Safety - maternal) - Observational (adjusted),,1.101388522,1.003722504,1.208557814,,,,,0.005635747,0.823913157,<0.001
,,Pooled,,,,,,,,,,,,,,,,,,,,,,,,,Preeclampsia or Eclampsia (Hypertensive Disorders),Safety - maternal,Observational (adjusted),,34,Preeclampsia or Eclampsia (Hypertensive Disorders) (Safety - maternal) - Observational (adjusted),,1.00751383,0.887525537,1.143723843,,,,,0.020431751,0.884722654,<0.001
,,Pooled,,,,,,,,,,,,,,,,,,,,,,,,,Other Adverse Events,Safety - maternal,Observational (adjusted),,35,Other Adverse Events (Safety - maternal) - Observational (adjusted),,0.899473182,0.834634103,0.969349325,,,,,0,0,0.502
,,Pooled,,,,,,,,,,,,,,,,,,,,,,,,,Other Pregnancy-related Adverse Events,Safety - maternal,Observational (adjusted),,36,Other Pregnancy-related Adverse Events (Safety - maternal) - Observational (adjusted),,0.505236954,0.01994438,12.79881258,,,,,1.430635126,0.846566584,0.00148
,,Pooled,,,,,,,,,,,,,,,,,,,,,,,,,"Other Placental Conditions (e.g., abruption)",Safety - maternal,Observational (adjusted),,37,"Other Placental Conditions (e.g., abruption) (Safety - maternal) - Observational (adjusted)",,0.979300244,0.899574083,1.066092262,,,,,0.040658695,0.787603499,0.03
,,Pooled,,,,,,,,,,,,,,,,,,,,,,,,,Preterm Birth (Premature Delivery),Safety - maternal,Observational (adjusted),,38,Preterm Birth (Premature Delivery) (Safety - maternal) - Observational (adjusted),,0.863633189,0.748659665,0.996263482,,,,,0.027946794,0.968825051,<0.001
,,Pooled,,,,,,,,,,,,,,,,,,,,,,,,,Serious Adverse Events,Safety - maternal,Observational (adjusted),,39,Serious Adverse Events (Safety - maternal) - Observational (adjusted),,0.847752449,0.731141983,0.982961218,,,,,0,0,0.674
,,Pooled,,,,,,,,,,,,,,,,,,,,,,,,,Stillbirth,Safety - maternal,Observational (adjusted),,40,Stillbirth (Safety - maternal) - Observational (adjusted),,0.544049855,0.16500993,1.793772319,,,,,0.524627578,0.962329895,<0.001
2045,Kildegaard 2025,Kildegaard 2025,Adjusted non-randomized studies,,108350,,,,,,,107624,,,,,,Moderate,Complex,,0.34,0.15,0.77,RR,,aNRS,Complications: Severe Complications of Pertussis in Infants,Effectiveness,Observational (adjusted),Moderate,25,Complications: Severe Complications of Pertussis in Infants (Effectiveness) - Observational (adjusted),,0.34,0.15,0.77,,,,,,,
2785,Morabito 2026,Morabito 2026,Adjusted non-randomized studies,,53448,,,,,,,53448,,,,,,Low,Complex,,0.11,0.02,0.88,HR,,aNRS,Complications: Severe Complications of Pertussis in Infants,Effectiveness,Observational (adjusted),Low,25,Complications: Severe Complications of Pertussis in Infants (Effectiveness) - Observational (adjusted),,0.11,0.02,0.88,,,,,,,
4316,Winter 2017,Winter 2017,Adjusted non-randomized studies,,49,,,,,,,371,,,,,,Serious,Complex,,0.42,0.2,0.85,OR,,aNRS,Complications: Severe Complications of Pertussis in Infants,Effectiveness,Observational (adjusted),Serious,25,Complications: Severe Complications of Pertussis in Infants (Effectiveness) - Observational (adjusted),,0.42,0.2,0.85,,,,,,,
11282,Mbayei 2019,Mbayei 2019,Adjusted non-randomized studies,11,25,,,,,,49,71,,,,,,Moderate,Complex,,0.51,0.28,0.93,RR,,aNRS,Complications: Severe Complications of Pertussis in Infants,Effectiveness,Observational (adjusted),Moderate,25,Complications: Severe Complications of Pertussis in Infants (Effectiveness) - Observational (adjusted),,0.51,0.28,0.93,11,14,49,22,,,
VB2020,Becker-Dreps 2018,Becker-Dreps 2018,Adjusted non-randomized studies,4,90445,,,,,,76,542380,,,,,,Serious,Complex,,0.34,0.08,1.5,HR,SOURCE: Adjusted data only; no matching unadjusted binary row found,aNRS,Complications: Severe Complications of Pertussis in Infants,Effectiveness,Observational (adjusted),Serious,25,Complications: Severe Complications of Pertussis in Infants (Effectiveness) - Observational (adjusted),,0.34,0.08,1.5,4,90441,76,542304,,,
VB2020,Saul 2017,Saul 2017,Adjusted non-randomized studies,0,124,,,,,,37,110,,,,,,Moderate,Complex,,0.06,0.01,0.41,OR,SOURCE: Adjusted data only; no matching unadjusted binary row found,aNRS,Complications: Severe Complications of Pertussis in Infants,Effectiveness,Observational (adjusted),Moderate,25,Complications: Severe Complications of Pertussis in Infants (Effectiveness) - Observational (adjusted),,0.06,0.01,0.41,0,124,37,73,,,
VB2020,Skoff 2017,Skoff 2017,Adjusted non-randomized studies,0,139,,,,,,157,636,,,,,,Serious,Complex,,0.09,0.01,0.75,OR,SOURCE: Adjusted data only; no matching unadjusted binary row found,aNRS,Complications: Severe Complications of Pertussis in Infants,Effectiveness,Observational (adjusted),Serious,25,Complications: Severe Complications of Pertussis in Infants (Effectiveness) - Observational (adjusted),,0.09,0.01,0.75,0,139,157,479,,,
1238,Fernandes 2019,Fernandes 2019,Adjusted non-randomized studies,,151,,,,,,,140,,,,,,Moderate,Infect,,0.193,0.084,0.441,OR,,aNRS,Pertussis Infection: Infants,Effectiveness,Observational (adjusted),Moderate,26,Pertussis Infection: Infants (Effectiveness) - Observational (adjusted),,0.193,0.084,0.441,,,,,,,
1703,Hsiao 2025,Hsiao 2025,Adjusted non-randomized studies,,170799,,,,,,,88304,,,,,,Moderate,Infect,,0.04,0.004,0.354,HR,,aNRS,Pertussis Infection: Infants,Effectiveness,Observational (adjusted),Moderate,26,Pertussis Infection: Infants (Effectiveness) - Observational (adjusted),,0.04,0.004,0.354,,,,,,,
1899,Juscamayta-López 2023,Juscamayta-López 2023,Adjusted non-randomized studies,2,27,,,,,,48,173,,,,,,Low,Infect,,0.19,0.04,0.86,OR,,aNRS,Pertussis Infection: Infants,Effectiveness,Observational (adjusted),Low,26,Pertussis Infection: Infants (Effectiveness) - Observational (adjusted),,0.19,0.04,0.86,2,25,48,125,,,
2045,Kildegaard 2025,Kildegaard 2025,Adjusted non-randomized studies,,108350,,,,,,,107624,,,,,,Moderate,Infect,,0.3,0.14,0.64,RR,,aNRS,Pertussis Infection: Infants,Effectiveness,Observational (adjusted),Moderate,26,Pertussis Infection: Infants (Effectiveness) - Observational (adjusted),,0.3,0.14,0.64,,,,,,,
2815,Mott 2021a,Mott 2021a,Adjusted non-randomized studies,,114067,,,,,,,311156,,,,,,Moderate,Infect,,0.74,0.42,1.29,HR,,aNRS,Pertussis Infection: Infants,Effectiveness,Observational (adjusted),Moderate,26,Pertussis Infection: Infants (Effectiveness) - Observational (adjusted),,0.74,0.42,1.29,,,,,,,
2815,Mott 2021b,Mott 2021b,Adjusted non-randomized studies,,33286,,,,,,,638155,,,,,,Moderate,Infect,,0.5,0.24,1.04,HR,,aNRS,Pertussis Infection: Infants,Effectiveness,Observational (adjusted),Moderate,26,Pertussis Infection: Infants (Effectiveness) - Observational (adjusted),,0.5,0.24,1.04,,,,,,,
2902,Nascimento 2021,Nascimento 2021,Adjusted non-randomized studies,,191,,,,,,,76,,,,,,Low,Infect,,0.81,0.4,1.64,OR,,aNRS,Pertussis Infection: Infants,Effectiveness,Observational (adjusted),Low,26,Pertussis Infection: Infants (Effectiveness) - Observational (adjusted),,0.81,0.4,1.64,,,,,,,
3469,Romanin 2020,Romanin 2020,Adjusted non-randomized studies,,269,,,,,,,102,,,,,,Low,Infect,,0.19,0.08,0.48,OR,,aNRS,Pertussis Infection: Infants,Effectiveness,Observational (adjusted),Low,26,Pertussis Infection: Infants (Effectiveness) - Observational (adjusted),,0.19,0.08,0.48,,,,,,,
VB2020,Baxter 2017,Baxter 2017,Adjusted non-randomized studies,1,68168,,,,,,16,80813,,,,,,Moderate,Infect,,0.09,0.01,0.8,RR,SOURCE: Adjusted data only; no matching unadjusted binary row found,aNRS,Pertussis Infection: Infants,Effectiveness,Observational (adjusted),Moderate,26,Pertussis Infection: Infants (Effectiveness) - Observational (adjusted),,0.09,0.01,0.8,1,68167,16,80797,,,
VB2020,Becker-Dreps 2018,Becker-Dreps 2018,Adjusted non-randomized studies,7,90445,,,,,,105,542380,,,,,,Serious,Infect,,0.54,0.19,1.59,HR,SOURCE: Adjusted data only; no matching unadjusted binary row found,aNRS,Pertussis Infection: Infants,Effectiveness,Observational (adjusted),Serious,26,Pertussis Infection: Infants (Effectiveness) - Observational (adjusted),,0.54,0.19,1.59,7,90438,105,542275,,,
VB2020,Bellido-Blasco 2017,Bellido-Blasco 2017,Adjusted non-randomized studies,5,46,,,,,,7,42,,,,,,Moderate,Infect,,0.09,0.02,0.43,OR,SOURCE: Adjusted data only; no matching unadjusted binary row found,aNRS,Pertussis Infection: Infants,Effectiveness,Observational (adjusted),Moderate,26,Pertussis Infection: Infants (Effectiveness) - Observational (adjusted),,0.09,0.02,0.43,5,41,7,35,,,
VB2020,Dabrera 2015,Dabrera 2015,Adjusted non-randomized studies,10,49,,,,,,48,64,,,,,,Serious,Infect,,0.07,0.03,0.19,OR,SOURCE: Adjusted data only; no matching unadjusted binary row found,aNRS,Pertussis Infection: Infants,Effectiveness,Observational (adjusted),Serious,26,Pertussis Infection: Infants (Effectiveness) - Observational (adjusted),,0.07,0.03,0.19,10,39,48,16,,,
VB2020,Saul 2017,Saul 2017,Adjusted non-randomized studies,52,124,,,,,,65,110,,,,,,Moderate,Infect,,0.31,0.11,0.87,OR,SOURCE: Adjusted data only; no matching unadjusted binary row found,aNRS,Pertussis Infection: Infants,Effectiveness,Observational (adjusted),Moderate,26,Pertussis Infection: Infants (Effectiveness) - Observational (adjusted),,0.31,0.11,0.87,52,72,65,45,,,
VB2020,Skoff 2017,Skoff 2017,Adjusted non-randomized studies,22,139,,,,,,218,636,,,,,,Serious,Infect,,0.22,0.1,0.52,OR,SOURCE: Adjusted data only; no matching unadjusted binary row found,aNRS,Pertussis Infection: Infants,Effectiveness,Observational (adjusted),Serious,26,Pertussis Infection: Infants (Effectiveness) - Observational (adjusted),,0.22,0.1,0.52,22,117,218,418,,,
374,Becerra-Culqui 2018,Becerra-Culqui 2018,Adjusted non-randomized studies,,39077,,,,,,,42916,,,,,,Moderate,Inborn,,0.85,0.77,0.95,HR,,aNRS,Congenital Abnormalities,Safety - infant,Observational (adjusted),Moderate,27,Congenital Abnormalities (Safety - infant) - Observational (adjusted),,0.85,0.77,0.95,,,,,,,
375,Becerra-Culqui 2020,Becerra-Culqui 2020,Adjusted non-randomized studies,,4178,,,,,,,43826,,,,,,Moderate,Inborn,,1,0.88,1.14,HR,,aNRS,Congenital Abnormalities,Safety - infant,Observational (adjusted),Moderate,27,Congenital Abnormalities (Safety - infant) - Observational (adjusted),,1,0.88,1.14,,,,,,,
1555,Hall 2020a,Hall 2020a,Adjusted non-randomized studies,,984,,,,,,,103729,,,,,,Low,Inborn,,1.15,0.82,1.61,RR,,aNRS,Congenital Abnormalities,Safety - infant,Observational (adjusted),Low,27,Congenital Abnormalities (Safety - infant) - Observational (adjusted),,1.15,0.82,1.61,,,,,,,
2045,Kildegaard 2025,Kildegaard 2025,Adjusted non-randomized studies,,108350,,,,,,,107624,,,,,,Moderate,Inborn,,0.89,0.86,0.92,RR,,aNRS,Congenital Abnormalities,Safety - infant,Observational (adjusted),Moderate,27,Congenital Abnormalities (Safety - infant) - Observational (adjusted),,0.89,0.86,0.92,,,,,,,
VB2020,Berenson 2016,Berenson 2016,Adjusted non-randomized studies,18,1109,,,,,,15,650,,,,,,Serious,Inborn,,0.8,0.38,1.67,OR,SOURCE: Adjusted data only; no matching unadjusted binary row found,aNRS,Congenital Abnormalities,Safety - infant,Observational (adjusted),Serious,27,Congenital Abnormalities (Safety - infant) - Observational (adjusted),,0.8,0.38,1.67,18,1091,15,635,,,
VB2020,DeSilva 2016,DeSilva 2016,Adjusted non-randomized studies,356,20568,,,,,,1920,120097,,,,,,Serious,Inborn,,1.09,0.97,1.23,RR,SOURCE: Adjusted data only; no matching unadjusted binary row found,aNRS,Congenital Abnormalities,Safety - infant,Observational (adjusted),Serious,27,Congenital Abnormalities (Safety - infant) - Observational (adjusted),,1.09,0.97,1.23,356,20212,1920,118177,,,
1555,Hall 2020b,Hall 2020b,Adjusted non-randomized studies,,9352,,,,,,,103729,,,,,,Low,Lowgrow,,0.69,0.61,0.77,RR,,aNRS,Low Birth Weight,Safety - infant,Observational (adjusted),Low,28,Low Birth Weight (Safety - infant) - Observational (adjusted),,0.69,0.61,0.77,,,,,,,
2045,Kildegaard 2025,Kildegaard 2025,Adjusted non-randomized studies,,50816,,,,,,,50886,,,,,,Moderate,Lowgrow,,0.75,0.7,0.81,RR,,aNRS,Low Birth Weight,Safety - infant,Observational (adjusted),Moderate,28,Low Birth Weight (Safety - infant) - Observational (adjusted),,0.75,0.7,0.81,,,,,,,
3211,Petousis Harris 2019,Petousis Harris 2019,Adjusted non-randomized studies,,8299,,,,,,,61090,,,,,,Moderate,Lowgrow,,0.784,0.653,0.941,OR,,aNRS,Low Birth Weight,Safety - infant,Observational (adjusted),Moderate,28,Low Birth Weight (Safety - infant) - Observational (adjusted),,0.784,0.653,0.941,,,,,,,
VB2020,Berenson 2016,Berenson 2016,Adjusted non-randomized studies,63,1109,,,,,,71,650,,,,,,Serious,Lowgrow,,0.76,0.51,1.14,OR,SOURCE: Adjusted data only; no matching unadjusted binary row found,aNRS,Low Birth Weight,Safety - infant,Observational (adjusted),Serious,28,Low Birth Weight (Safety - infant) - Observational (adjusted),,0.76,0.51,1.14,63,1046,71,579,,,
1200,Fakhraei 2021,Fakhraei 2021,Adjusted non-randomized studies,,11483,,,,,,,600445,,,,,,Moderate,NICU,,0.96,0.9,1.02,RR,,aNRS,NICU Admission,Safety - infant,Observational (adjusted),Moderate,29,NICU Admission (Safety - infant) - Observational (adjusted),,0.96,0.9,1.02,,,,,,,
2045,Kildegaard 2025,Kildegaard 2025,Adjusted non-randomized studies,,108350,,,,,,,107624,,,,,,Moderate,NICU,,0.55,0.51,0.58,RR,,aNRS,NICU Admission,Safety - infant,Observational (adjusted),Moderate,29,NICU Admission (Safety - infant) - Observational (adjusted),,0.55,0.51,0.58,,,,,,,
3891,Sukumaran 2018,Sukumaran 2018,Adjusted non-randomized studies,,2195,,,,,,,48249,,,,,,Serious,NICU,,0.93,0.85,1.03,OR,,aNRS,NICU Admission,Safety - infant,Observational (adjusted),Serious,29,NICU Admission (Safety - infant) - Observational (adjusted),,0.93,0.85,1.03,,,,,,,
4316,Winter 2017,Winter 2017,Adjusted non-randomized studies,,48,,,,,,,343,,,,,,Serious,NICU,,0.49,0.19,1.23,OR,,aNRS,NICU Admission,Safety - infant,Observational (adjusted),Serious,29,NICU Admission (Safety - infant) - Observational (adjusted),,0.49,0.19,1.23,,,,,,,
VB2020,Berenson 2016,Berenson 2016,Adjusted non-randomized studies,103,1109,,,,,,86,650,,,,,,Serious,NICU,,0.78,0.56,1.08,OR,SOURCE: Adjusted data only; no matching unadjusted binary row found,aNRS,NICU Admission,Safety - infant,Observational (adjusted),Serious,29,NICU Admission (Safety - infant) - Observational (adjusted),,0.78,0.56,1.08,103,1006,86,564,,,
VB2020,Layton 2017,Layton 2017,Adjusted non-randomized studies,6996,80217,,,,,,42904,543906,,,,,,Serious,NICU,,1,0.97,1.03,RR,SOURCE: Adjusted data only; no matching unadjusted binary row found,aNRS,NICU Admission,Safety - infant,Observational (adjusted),Serious,29,NICU Admission (Safety - infant) - Observational (adjusted),,1,0.97,1.03,6996,73221,42904,501002,,,
2045,Kildegaard 2025,Kildegaard 2025,Adjusted non-randomized studies,,108350,,,,,,,107624,,,,,,Moderate,Neomort,,0.33,0.24,0.45,RR,,aNRS,Neonatal Death,Safety - infant,Observational (adjusted),Moderate,30,Neonatal Death (Safety - infant) - Observational (adjusted),,0.33,0.24,0.45,,,,,,,
4065,Tseng 2022,Tseng 2022,Adjusted non-randomized studies,,16350,,,,,,,16088,,,,,,Moderate,Neomort,,0.81,0.38,1.73,RR,,aNRS,Neonatal Death,Safety - infant,Observational (adjusted),Moderate,30,Neonatal Death (Safety - infant) - Observational (adjusted),,0.81,0.38,1.73,,,,,,,
1485,Greenberg 2023,Greenberg 2023,Adjusted non-randomized studies,,95970,,,,,,,13210,,,,,,Low,Neosep,,0.95,0.75,1.21,RR,,aNRS,Neonatal Sepsis,Safety - infant,Observational (adjusted),Low,31,Neonatal Sepsis (Safety - infant) - Observational (adjusted),,0.95,0.75,1.21,,,,,,,
2045,Kildegaard 2025,Kildegaard 2025,Adjusted non-randomized studies,,108350,,,,,,,107624,,,,,,Moderate,Neosep,,0.84,0.8,0.88,RR,,aNRS,Neonatal Sepsis,Safety - infant,Observational (adjusted),Moderate,31,Neonatal Sepsis (Safety - infant) - Observational (adjusted),,0.84,0.8,0.88,,,,,,,
3211,Petousis Harris 2019,Petousis Harris 2019,Adjusted non-randomized studies,,8299,,,,,,,61090,,,,,,Moderate,Neosep,,0.872,0.599,1.27,OR,,aNRS,Neonatal Sepsis,Safety - infant,Observational (adjusted),Moderate,31,Neonatal Sepsis (Safety - infant) - Observational (adjusted),,0.872,0.599,1.27,,,,,,,
VB2020,Layton 2017,Layton 2017,Adjusted non-randomized studies,1774,80217,,,,,,13187,543906,,,,,,Serious,Neosep,,0.89,0.84,0.94,RR,SOURCE: Adjusted data only; no matching unadjusted binary row found,aNRS,Neonatal Sepsis,Safety - infant,Observational (adjusted),Serious,31,Neonatal Sepsis (Safety - infant) - Observational (adjusted),,0.89,0.84,0.94,1774,78443,13187,530719,,,
1200,Fakhraei 2021,Fakhraei 2021,Adjusted non-randomized studies,,11483,,,,,,,600445,,,,,,Moderate,Nogrow,,0.82,0.76,0.88,RR,,aNRS,Small for Gestational Age (growth restriction),Safety - infant,Observational (adjusted),Moderate,32,Small for Gestational Age (growth restriction) (Safety - infant) - Observational (adjusted),,0.82,0.76,0.88,,,,,,,
1417,Giles 2021,Giles 2021,Adjusted non-randomized studies,,192487,,,,,,,56872,,,,,,Low,Nogrow,,0.87,0.84,0.9,RR,,aNRS,Small for Gestational Age (growth restriction),Safety - infant,Observational (adjusted),Low,32,Small for Gestational Age (growth restriction) (Safety - infant) - Observational (adjusted),,0.87,0.84,0.9,,,,,,,
2045,Kildegaard 2025,Kildegaard 2025,Adjusted non-randomized studies,,50816,,,,,,,50886,,,,,,Moderate,Nogrow,,0.81,0.74,0.89,RR,,aNRS,Small for Gestational Age (growth restriction),Safety - infant,Observational (adjusted),Moderate,32,Small for Gestational Age (growth restriction) (Safety - infant) - Observational (adjusted),,0.81,0.74,0.89,,,,,,,
3211,Petousis Harris 2019,Petousis Harris 2019,Adjusted non-randomized studies,,8299,,,,,,,61090,,,,,,Moderate,Nogrow,,0.721,0.574,0.905,OR,,aNRS,Small for Gestational Age (growth restriction),Safety - infant,Observational (adjusted),Moderate,32,Small for Gestational Age (growth restriction) (Safety - infant) - Observational (adjusted),,0.721,0.574,0.905,,,,,,,
4065,Tseng 2022,Tseng 2022,Adjusted non-randomized studies,,16350,,,,,,,16088,,,,,,Moderate,Nogrow,,0.83,0.7,0.98,RR,,aNRS,Small for Gestational Age (growth restriction),Safety - infant,Observational (adjusted),Moderate,32,Small for Gestational Age (growth restriction) (Safety - infant) - Observational (adjusted),,0.83,0.7,0.98,,,,,,,
VB2020,Griffin 2018,Griffin 2018,Adjusted non-randomized studies,401,8178,,,,,,2916,60372,,,,,,Serious,Nogrow,,0.92,0.82,1.04,RR,SOURCE: Adjusted data only; no matching unadjusted binary row found,aNRS,Small for Gestational Age (growth restriction),Safety - infant,Observational (adjusted),Serious,32,Small for Gestational Age (growth restriction) (Safety - infant) - Observational (adjusted),,0.92,0.82,1.04,401,7777,2916,57456,,,
1200,Fakhraei 2021,Fakhraei 2021,Adjusted non-randomized studies,,11519,,,,,,,603694,,,,,,Moderate,Chorio,,1.17,0.99,1.39,RR,,aNRS,Chorioamnionitis,Safety - maternal,Observational (adjusted),Moderate,33,Chorioamnionitis (Safety - maternal) - Observational (adjusted),,1.17,0.99,1.39,,,,,,,
1485,Greenberg 2023,Greenberg 2023,Adjusted non-randomized studies,,103254,,,,,,,14957,,,,,,Low,Chorio,,0.96,0.9,1.03,HR,,aNRS,Chorioamnionitis,Safety - maternal,Observational (adjusted),Low,33,Chorioamnionitis (Safety - maternal) - Observational (adjusted),,0.96,0.9,1.03,,,,,,,
1558,Hall 2025,Hall 2025,Adjusted non-randomized studies,,1354,,,,,,,296,,,,,,Low,Chorio,,0.94,0.72,1.23,OR,,aNRS,Chorioamnionitis,Safety - maternal,Observational (adjusted),Low,33,Chorioamnionitis (Safety - maternal) - Observational (adjusted),,0.94,0.72,1.23,,,,,,,
2045,Kildegaard 2025,Kildegaard 2025,Adjusted non-randomized studies,,50816,,,,,,,50886,,,,,,Moderate,Chorio,,1.1,0.8,1.51,RR,,aNRS,Chorioamnionitis,Safety - maternal,Observational (adjusted),Moderate,33,Chorioamnionitis (Safety - maternal) - Observational (adjusted),,1.1,0.8,1.51,,,,,,,
VB2020,Berenson 2016,Berenson 2016,Adjusted non-randomized studies,39,1109,,,,,,14,650,,,,,,Serious,Chorio,,1.53,0.8,2.9,OR,SOURCE: Adjusted data only; no matching unadjusted binary row found,aNRS,Chorioamnionitis,Safety - maternal,Observational (adjusted),Serious,33,Chorioamnionitis (Safety - maternal) - Observational (adjusted),,1.53,0.8,2.9,39,1070,14,636,,,
VB2020,DeSilva 2017,DeSilva 2017,Adjusted non-randomized studies,2883,45008,,,,,,7970,152556,,,,,,Serious,Chorio,,1.23,1.17,1.28,RR,SOURCE: Adjusted data only; no matching unadjusted binary row found,aNRS,Chorioamnionitis,Safety - maternal,Observational (adjusted),Serious,33,Chorioamnionitis (Safety - maternal) - Observational (adjusted),,1.23,1.17,1.28,2883,42125,7970,144586,,,
VB2020,Griffin 2018,Griffin 2018,Adjusted non-randomized studies,26,8178,,,,,,198,60372,,,,,,Serious,Chorio,,1.1,0.7,1.75,RR,SOURCE: Adjusted data only; no matching unadjusted binary row found,aNRS,Chorioamnionitis,Safety - maternal,Observational (adjusted),Serious,33,Chorioamnionitis (Safety - maternal) - Observational (adjusted),,1.1,0.7,1.75,26,8152,198,60174,,,
VB2020,Layton 2017,Layton 2017,Adjusted non-randomized studies,4529,123780,,,,,,25149,871177,,,,,,Serious,Chorio,,1.11,1.07,1.15,RR,SOURCE: Adjusted data only; no matching unadjusted binary row found,aNRS,Chorioamnionitis,Safety - maternal,Observational (adjusted),Serious,33,Chorioamnionitis (Safety - maternal) - Observational (adjusted),,1.11,1.07,1.15,4529,119251,25149,846028,,,
1200,Fakhraei 2021,Fakhraei 2021,Adjusted non-randomized studies,,11519,,,,,,,603694,,,,,,Moderate,Mathyp,,0.87,0.78,0.96,RR,,aNRS,Preeclampsia or Eclampsia (Hypertensive Disorders),Safety - maternal,Observational (adjusted),Moderate,34,Preeclampsia or Eclampsia (Hypertensive Disorders) (Safety - maternal) - Observational (adjusted),,0.87,0.78,0.96,,,,,,,
1417,Giles 2021,Giles 2021,Adjusted non-randomized studies,,192487,,,,,,,56872,,,,,,Low,Mathyp,,0.93,0.87,0.99,RR,,aNRS,Preeclampsia or Eclampsia (Hypertensive Disorders),Safety - maternal,Observational (adjusted),Low,34,Preeclampsia or Eclampsia (Hypertensive Disorders) (Safety - maternal) - Observational (adjusted),,0.93,0.87,0.99,,,,,,,
1555,Hall 2020b,Hall 2020b,Adjusted non-randomized studies,,9438,,,,,,,131450,,,,,,Low,Mathyp,,1.07,0.97,1.17,HR,,aNRS,Preeclampsia or Eclampsia (Hypertensive Disorders),Safety - maternal,Observational (adjusted),Low,34,Preeclampsia or Eclampsia (Hypertensive Disorders) (Safety - maternal) - Observational (adjusted),,1.07,0.97,1.17,,,,,,,
2045,Kildegaard 2025,Kildegaard 2025,Adjusted non-randomized studies,,50816,,,,,,,50886,,,,,,Moderate,Mathyp,,0.97,0.92,1.02,RR,,aNRS,Preeclampsia or Eclampsia (Hypertensive Disorders),Safety - maternal,Observational (adjusted),Moderate,34,Preeclampsia or Eclampsia (Hypertensive Disorders) (Safety - maternal) - Observational (adjusted),,0.97,0.92,1.02,,,,,,,
4065,Tseng 2022,Tseng 2022,Adjusted non-randomized studies,,16606,,,,,,,16606,,,,,,Moderate,Mathyp,,1.38,1.24,1.53,RR,,aNRS,Preeclampsia or Eclampsia (Hypertensive Disorders),Safety - maternal,Observational (adjusted),Moderate,34,Preeclampsia or Eclampsia (Hypertensive Disorders) (Safety - maternal) - Observational (adjusted),,1.38,1.24,1.53,,,,,,,
VB2020,Griffin 2018,Griffin 2018,Adjusted non-randomized studies,,8178,,,,,,,60372,,,,,,Serious,Mathyp,,0.85,0.69,1.04,RR,SOURCE: Adjusted data only; no matching unadjusted binary row found,aNRS,Preeclampsia or Eclampsia (Hypertensive Disorders),Safety - maternal,Observational (adjusted),Serious,34,Preeclampsia or Eclampsia (Hypertensive Disorders) (Safety - maternal) - Observational (adjusted),,0.85,0.69,1.04,,,,,,,
VB2020,Kharbanda 2014,Kharbanda 2014,Adjusted non-randomized studies,,6083,,,,,,,97265,,,,,,Serious,Mathyp,,1.09,0.99,1.2,RR,SOURCE: Adjusted data only; no matching unadjusted binary row found,aNRS,Preeclampsia or Eclampsia (Hypertensive Disorders),Safety - maternal,Observational (adjusted),Serious,34,Preeclampsia or Eclampsia (Hypertensive Disorders) (Safety - maternal) - Observational (adjusted),,1.09,0.99,1.2,,,,,,,
VB2020,Layton 2017,Layton 2017,Adjusted non-randomized studies,,123780,,,,,,,871177,,,,,,Serious,Mathyp,,0.96,0.94,0.99,RR,SOURCE: Adjusted data only; no matching unadjusted binary row found,aNRS,Preeclampsia or Eclampsia (Hypertensive Disorders),Safety - maternal,Observational (adjusted),Serious,34,Preeclampsia or Eclampsia (Hypertensive Disorders) (Safety - maternal) - Observational (adjusted),,0.96,0.94,0.99,,,,,,,
2030,Khodr 2017,Khodr 2017,Adjusted non-randomized studies,,5726,,,,,,,93708,,,,,,Low,MiscAE,,0.91,0.84,0.99,RR,,aNRS,Other Adverse Events,Safety - maternal,Observational (adjusted),Low,35,Other Adverse Events (Safety - maternal) - Observational (adjusted),,0.91,0.84,0.99,,,,,,,
2045,Kildegaard 2025,Kildegaard 2025,Adjusted non-randomized studies,,50816,,,,,,,50886,,,,,,Moderate,MiscAE,,0.85,0.71,1.02,RR,,aNRS,Other Adverse Events,Safety - maternal,Observational (adjusted),Moderate,35,Other Adverse Events (Safety - maternal) - Observational (adjusted),,0.85,0.71,1.02,,,,,,,
1200,Fakhraei 2021,Fakhraei 2021,Adjusted non-randomized studies,,11519,,,,,,,603694,,,,,,Moderate,PgAE,,1.01,0.91,1.13,RR,,aNRS,Other Pregnancy-related Adverse Events,Safety - maternal,Observational (adjusted),Moderate,36,Other Pregnancy-related Adverse Events (Safety - maternal) - Observational (adjusted),,1.01,0.91,1.13,,,,,,,
3561,Sancovski 2019,Sancovski 2019,Adjusted non-randomized studies,,1119,,,,,,,1248,,,,,,Serious,PgAE,,0.067,0.008,0.59,OR,,aNRS,Other Pregnancy-related Adverse Events,Safety - maternal,Observational (adjusted),Serious,36,Other Pregnancy-related Adverse Events (Safety - maternal) - Observational (adjusted),,0.067,0.008,0.59,,,,,,,
4065,Tseng 2022,Tseng 2022,Adjusted non-randomized studies,,16022,,,,,,,16022,,,,,,Moderate,PgAE,,0.76,0.64,0.91,RR,,aNRS,Other Pregnancy-related Adverse Events,Safety - maternal,Observational (adjusted),Moderate,36,Other Pregnancy-related Adverse Events (Safety - maternal) - Observational (adjusted),,0.76,0.64,0.91,,,,,,,
2045,Kildegaard 2025,Kildegaard 2025,Adjusted non-randomized studies,,50816,,,,,,,50886,,,,,,Moderate,Placenta,,0.95,0.87,1.04,RR,,aNRS,"Other Placental Conditions (e.g., abruption)",Safety - maternal,Observational (adjusted),Moderate,37,"Other Placental Conditions (e.g., abruption) (Safety - maternal) - Observational (adjusted)",,0.95,0.87,1.04,,,,,,,
4065,Tseng 2022,Tseng 2022,Adjusted non-randomized studies,,16606,,,,,,,16606,,,,,,Moderate,Placenta,,1.31,0.99,1.72,RR,,aNRS,"Other Placental Conditions (e.g., abruption)",Safety - maternal,Observational (adjusted),Moderate,37,"Other Placental Conditions (e.g., abruption) (Safety - maternal) - Observational (adjusted)",,1.31,0.99,1.72,,,,,,,
1200,Fakhraei 2021,Fakhraei 2021,Adjusted non-randomized studies,,11519,,,,,,,603694,,,,,,Moderate,Prebirth,,0.98,0.91,1.06,HR,,aNRS,Preterm Birth (Premature Delivery),Safety - maternal,Observational (adjusted),Moderate,38,Preterm Birth (Premature Delivery) (Safety - maternal) - Observational (adjusted),,0.98,0.91,1.06,,,,,,,
1417,Giles 2021,Giles 2021,Adjusted non-randomized studies,,192487,,,,,,,56872,,,,,,Low,Prebirth,,0.68,0.66,0.71,RR,,aNRS,Preterm Birth (Premature Delivery),Safety - maternal,Observational (adjusted),Low,38,Preterm Birth (Premature Delivery) (Safety - maternal) - Observational (adjusted),,0.68,0.66,0.71,,,,,,,
1485,Greenberg 2023,Greenberg 2023,Adjusted non-randomized studies,,103254,,,,,,,14957,,,,,,Low,Prebirth,,1.01,0.96,1.07,HR,,aNRS,Preterm Birth (Premature Delivery),Safety - maternal,Observational (adjusted),Low,38,Preterm Birth (Premature Delivery) (Safety - maternal) - Observational (adjusted),,1.01,0.96,1.07,,,,,,,
1555,Hall 2020b,Hall 2020b,Adjusted non-randomized studies,,1272,,,,,,,131450,,,,,,Low,Prebirth,,0.97,0.88,1.07,HR,,aNRS,Preterm Birth (Premature Delivery),Safety - maternal,Observational (adjusted),Low,38,Preterm Birth (Premature Delivery) (Safety - maternal) - Observational (adjusted),,0.97,0.88,1.07,,,,,,,
2045,Kildegaard 2025,Kildegaard 2025,Adjusted non-randomized studies,,50816,,,,,,,50886,,,,,,Moderate,Prebirth,,0.89,0.85,0.93,RR,,aNRS,Preterm Birth (Premature Delivery),Safety - maternal,Observational (adjusted),Moderate,38,Preterm Birth (Premature Delivery) (Safety - maternal) - Observational (adjusted),,0.89,0.85,0.93,,,,,,,
3561,Sancovski 2019,Sancovski 2019,Adjusted non-randomized studies,,1119,,,,,,,1248,,,,,,Serious,Prebirth,,0.603,0.351,1.035,OR,,aNRS,Preterm Birth (Premature Delivery),Safety - maternal,Observational (adjusted),Serious,38,Preterm Birth (Premature Delivery) (Safety - maternal) - Observational (adjusted),,0.603,0.351,1.035,,,,,,,
VB2020,Berenson 2016,Berenson 2016,Adjusted non-randomized studies,,1109,,,,,,,650,,,,,,Serious,Prebirth,,0.68,0.45,1.03,OR,SOURCE: Adjusted data only; no matching unadjusted binary row found,aNRS,Preterm Birth (Premature Delivery),Safety - maternal,Observational (adjusted),Serious,38,Preterm Birth (Premature Delivery) (Safety - maternal) - Observational (adjusted),,0.68,0.45,1.03,,,,,,,
VB2020,Griffin 2018,Griffin 2018,Adjusted non-randomized studies,,8178,,,,,,,60372,,,,,,Serious,Prebirth,,0.72,0.63,0.83,RR,SOURCE: Adjusted data only; no matching unadjusted binary row found,aNRS,Preterm Birth (Premature Delivery),Safety - maternal,Observational (adjusted),Serious,38,Preterm Birth (Premature Delivery) (Safety - maternal) - Observational (adjusted),,0.72,0.63,0.83,,,,,,,
VB2020,Kharbanda 2014,Kharbanda 2014,Adjusted non-randomized studies,,26229,,,,,,,97265,,,,,,Serious,Prebirth,,1.03,0.97,1.09,RR,SOURCE: Adjusted data only; no matching unadjusted binary row found,aNRS,Preterm Birth (Premature Delivery),Safety - maternal,Observational (adjusted),Serious,38,Preterm Birth (Premature Delivery) (Safety - maternal) - Observational (adjusted),,1.03,0.97,1.09,,,,,,,
1200,Fakhraei 2021,Fakhraei 2021,Adjusted non-randomized studies,,11519,,,,,,,603694,,,,,,Moderate,SAE,,0.79,0.55,1.13,RR,,aNRS,Serious Adverse Events,Safety - maternal,Observational (adjusted),Moderate,39,Serious Adverse Events (Safety - maternal) - Observational (adjusted),,0.79,0.55,1.13,,,,,,,
2045,Kildegaard 2025,Kildegaard 2025,Adjusted non-randomized studies,,50816,,,,,,,50886,,,,,,Moderate,SAE,,0.86,0.73,1.01,RR,,aNRS,Serious Adverse Events,Safety - maternal,Observational (adjusted),Moderate,39,Serious Adverse Events (Safety - maternal) - Observational (adjusted),,0.86,0.73,1.01,,,,,,,
1200,Fakhraei 2021,Fakhraei 2021,Adjusted non-randomized studies,,11519,,,,,,,603694,,,,,,Moderate,Stillbirth,,1.15,0.82,1.6,HR,,aNRS,Stillbirth,Safety - maternal,Observational (adjusted),Moderate,40,Stillbirth (Safety - maternal) - Observational (adjusted),,1.15,0.82,1.6,,,,,,,
1417,Giles 2021,Giles 2021,Adjusted non-randomized studies,,192487,,,,,,,56872,,,,,,Low,Stillbirth,,0.23,0.18,0.28,RR,,aNRS,Stillbirth,Safety - maternal,Observational (adjusted),Low,40,Stillbirth (Safety - maternal) - Observational (adjusted),,0.23,0.18,0.28,,,,,,,
2045,Kildegaard 2025,Kildegaard 2025,Adjusted non-randomized studies,,50816,,,,,,,50886,,,,,,Moderate,Stillbirth,,0.87,0.61,1.23,RR,,aNRS,Stillbirth,Safety - maternal,Observational (adjusted),Moderate,40,Stillbirth (Safety - maternal) - Observational (adjusted),,0.87,0.61,1.23,,,,,,,
4065,Tseng 2022,Tseng 2022,Adjusted non-randomized studies,,16368,,,,,,,16166,,,,,,Moderate,Stillbirth,,0.38,0.22,0.67,RR,,aNRS,Stillbirth,Safety - maternal,Observational (adjusted),Moderate,40,Stillbirth (Safety - maternal) - Observational (adjusted),,0.38,0.22,0.67,,,,,,,
1555,Hall 2020a,Hall 2020a,Adjusted non-randomized studies,,1272,,,,,,,131450,,,,,,Serious,Abort,,1.07,0.94,1.22,HR,,aNRS,Miscarriage or Spontaneous Abortion,Safety - maternal,Observational (adjusted),Serious,,,,1.07,0.94,1.22,,,,,,,
2045,Kildegaard 2025,Kildegaard 2025,Adjusted non-randomized studies,,50816,,,,,,,50886,,,,,,Moderate,Fever,,1.42,0.76,2.66,RR,,aNRS,Fever,Safety - maternal,Observational (adjusted),Moderate,,,,1.42,0.76,2.66,,,,,,,
,,Pooled,,,,,,,,,,,,,,,,,,,,,,,,,Pertussis Antibodies: Infant Blood at 2mo,Immunogenicity,Observational,,41,Pertussis Antibodies: Infant Blood at 2mo (Immunogenicity) - Observational - FHA,,7.036359816,4.044997818,12.23989769,,,,,0.070435533,0.641120834,0.0391
,,Pooled,,,,,,,,,,,,,,,,,,,,,,,,,Pertussis Antibodies: Infant Blood at 2mo,Immunogenicity,Observational,,42,Pertussis Antibodies: Infant Blood at 2mo (Immunogenicity) - Observational - PRN,,13.5284624,6.3437847,28.85017438,,,,,0.11471123,0.397068238,0.174
,,Pooled,,,,,,,,,,,,,,,,,,,,,,,,,Pertussis Antibodies: Infant Blood at 2mo,Immunogenicity,Observational,,43,Pertussis Antibodies: Infant Blood at 2mo (Immunogenicity) - Observational - PT,,6.029035007,3.18222779,11.42258365,,,,,0.208999368,0.868305586,<0.001
,,Pooled,,,,,,,,,,,,,,,,,,,,,,,,,Pertussis Antibodies: Infant Blood at 2mo,Immunogenicity,RCT,,44,Pertussis Antibodies: Infant Blood at 2mo (Immunogenicity) - RCT - FHA,,4.53233682,3.697875143,5.555102932,,,,,1.015581369,0.978332943,<0.001
,,Pooled,,,,,,,,,,,,,,,,,,,,,,,,,Pertussis Antibodies: Infant Blood at 2mo,Immunogenicity,RCT,,45,Pertussis Antibodies: Infant Blood at 2mo (Immunogenicity) - RCT - PRN,,13.35207675,1.15996793,153.6921401,,,,,0.922891639,0.943382493,<0.001
,,Pooled,,,,,,,,,,,,,,,,,,,,,,,,,Pertussis Antibodies: Infant Blood at 2mo,Immunogenicity,RCT,,46,Pertussis Antibodies: Infant Blood at 2mo (Immunogenicity) - RCT - PT,,3.469717342,0.747431494,16.10707941,,,,,0.329588643,0.89621181,<0.001
,,Pooled,,,,,,,,,,,,,,,,,,,,,,,,,Pertussis Antibodies: Infant Blood at 5mo,Immunogenicity,Observational,,47,Pertussis Antibodies: Infant Blood at 5mo (Immunogenicity) - Observational - FHA,,0.845496631,0.592286866,1.206956619,,,,,0.061820599,0.802554906,<0.001
,,Pooled,,,,,,,,,,,,,,,,,,,,,,,,,Pertussis Antibodies: Infant Blood at 5mo,Immunogenicity,Observational,,48,Pertussis Antibodies: Infant Blood at 5mo (Immunogenicity) - Observational - FIM,,0.629403897,0.527606538,0.750842223,,,,,0.613209039,0.959188238,<0.001
,,Pooled,,,,,,,,,,,,,,,,,,,,,,,,,Pertussis Antibodies: Infant Blood at 5mo,Immunogenicity,Observational,,49,Pertussis Antibodies: Infant Blood at 5mo (Immunogenicity) - Observational - PRN,,0.841319319,0.648522343,1.091432245,,,,,0,0,0.621
,,Pooled,,,,,,,,,,,,,,,,,,,,,,,,,Pertussis Antibodies: Infant Blood at 5mo,Immunogenicity,Observational,,50,Pertussis Antibodies: Infant Blood at 5mo (Immunogenicity) - Observational - PT,,0.681806894,0.570912761,0.814241112,,,,,0.003835576,0.131727208,0.33
,,Pooled,,,,,,,,,,,,,,,,,,,,,,,,,Pertussis Antibodies: Infant Blood at 5mo,Immunogenicity,RCT,,51,Pertussis Antibodies: Infant Blood at 5mo (Immunogenicity) - RCT - FHA,,1.159150882,1.021386866,1.315496421,,,,,0,0,0.88
,,Pooled,,,,,,,,,,,,,,,,,,,,,,,,,Pertussis Antibodies: Infant Blood at 5mo,Immunogenicity,RCT,,52,Pertussis Antibodies: Infant Blood at 5mo (Immunogenicity) - RCT - PRN,,0.662675944,0.509097832,0.862583534,,,,,0,0,0.591
,,Pooled,,,,,,,,,,,,,,,,,,,,,,,,,Pertussis Antibodies: Infant Blood at 5mo,Immunogenicity,RCT,,53,Pertussis Antibodies: Infant Blood at 5mo (Immunogenicity) - RCT - PT,,0.321116832,0.080133329,1.286805634,,,,,0.652049616,0.924283574,<0.001
,,Pooled,,,,,,,,,,,,,,,,,,,,,,,,,Pertussis Antibodies: Infant Cord Blood at Birth,Immunogenicity,Observational,,54,Pertussis Antibodies: Infant Cord Blood at Birth (Immunogenicity) - Observational - FHA,,5.329413091,2.604487174,10.90527309,,,,,0.525727501,0.899082292,<0.001
,,Pooled,,,,,,,,,,,,,,,,,,,,,,,,,Pertussis Antibodies: Infant Cord Blood at Birth,Immunogenicity,Observational,,55,Pertussis Antibodies: Infant Cord Blood at Birth (Immunogenicity) - Observational - FIM,,8.0188299,5.244246156,12.26136819,,,,,3.307277345,0.960922142,<0.001
,,Pooled,,,,,,,,,,,,,,,,,,,,,,,,,Pertussis Antibodies: Infant Cord Blood at Birth,Immunogenicity,Observational,,56,Pertussis Antibodies: Infant Cord Blood at Birth (Immunogenicity) - Observational - PRN,,12.15833506,4.993610407,29.6028523,,,,,0.790537476,0.876399248,<0.001
,,Pooled,,,,,,,,,,,,,,,,,,,,,,,,,Pertussis Antibodies: Infant Cord Blood at Birth,Immunogenicity,Observational,,57,Pertussis Antibodies: Infant Cord Blood at Birth (Immunogenicity) - Observational - PT,,4.328617149,2.930098487,6.394640488,,,,,0.351830358,0.843326236,<0.001
,,Pooled,,,,,,,,,,,,,,,,,,,,,,,,,Pertussis Antibodies: Infant Cord Blood at Birth,Immunogenicity,RCT,,58,Pertussis Antibodies: Infant Cord Blood at Birth (Immunogenicity) - RCT - FHA,,9.010331545,4.368278984,18.58536848,,,,,0.405009278,0.901746923,<0.001
,,Pooled,,,,,,,,,,,,,,,,,,,,,,,,,Pertussis Antibodies: Infant Cord Blood at Birth,Immunogenicity,RCT,,59,Pertussis Antibodies: Infant Cord Blood at Birth (Immunogenicity) - RCT - FIM,,3.407644088,2.147963459,5.406068794,,,,,4.756007189,0.969608293,<0.001
,,Pooled,,,,,,,,,,,,,,,,,,,,,,,,,Pertussis Antibodies: Infant Cord Blood at Birth,Immunogenicity,RCT,,60,Pertussis Antibodies: Infant Cord Blood at Birth (Immunogenicity) - RCT - PRN,,18.45786204,8.670656861,39.29260221,,,,,0.293212312,0.825832104,<0.001
,,Pooled,,,,,,,,,,,,,,,,,,,,,,,,,Pertussis Antibodies: Infant Cord Blood at Birth,Immunogenicity,RCT,,61,Pertussis Antibodies: Infant Cord Blood at Birth (Immunogenicity) - RCT - PT,,6.562916378,3.560380867,12.09754602,,,,,0.371262956,0.870389988,<0.001
,,Pooled,,,,,,,,,,,,,,,,,,,,,,,,,Pertussis Antibodies: Maternal Blood at Birth,Immunogenicity,Observational,,62,Pertussis Antibodies: Maternal Blood at Birth (Immunogenicity) - Observational - FHA,,8.139764035,3.136554332,21.12374011,,,,,0.985992892,0.930433402,<0.001
,,Pooled,,,,,,,,,,,,,,,,,,,,,,,,,Pertussis Antibodies: Maternal Blood at Birth,Immunogenicity,Observational,,63,Pertussis Antibodies: Maternal Blood at Birth (Immunogenicity) - Observational - FIM,,1.333213107,0.749949205,2.37010344,,,,,0.235713906,0.559754878,0.132
,,Pooled,,,,,,,,,,,,,,,,,,,,,,,,,Pertussis Antibodies: Maternal Blood at Birth,Immunogenicity,Observational,,64,Pertussis Antibodies: Maternal Blood at Birth (Immunogenicity) - Observational - PRN,,15.21024377,4.921272227,47.01050966,,,,,1.339436021,0.899940178,<0.001
,,Pooled,,,,,,,,,,,,,,,,,,,,,,,,,Pertussis Antibodies: Maternal Blood at Birth,Immunogenicity,Observational,,65,Pertussis Antibodies: Maternal Blood at Birth (Immunogenicity) - Observational - PT,,6.211048514,2.926803461,13.18063347,,,,,0.872971125,0.912890907,<0.001
,,Pooled,,,,,,,,,,,,,,,,,,,,,,,,,Pertussis Antibodies: Maternal Blood at Birth,Immunogenicity,RCT,,66,Pertussis Antibodies: Maternal Blood at Birth (Immunogenicity) - RCT - FHA,,8.228616855,4.554124652,14.86787045,,,,,0.171231215,0.729334364,0.00518
,,Pooled,,,,,,,,,,,,,,,,,,,,,,,,,Pertussis Antibodies: Maternal Blood at Birth,Immunogenicity,RCT,,67,Pertussis Antibodies: Maternal Blood at Birth (Immunogenicity) - RCT - FIM,,2.456042762,1.697925581,3.552656322,,,,,5.943483674,0.980252178,<0.001
,,Pooled,,,,,,,,,,,,,,,,,,,,,,,,,Pertussis Antibodies: Maternal Blood at Birth,Immunogenicity,RCT,,68,Pertussis Antibodies: Maternal Blood at Birth (Immunogenicity) - RCT - PRN,,18.55822889,4.627031718,74.43386616,,,,,0.21155802,0.783316216,0.0099
,,Pooled,,,,,,,,,,,,,,,,,,,,,,,,,Pertussis Antibodies: Maternal Blood at Birth,Immunogenicity,RCT,,69,Pertussis Antibodies: Maternal Blood at Birth (Immunogenicity) - RCT - PT,,6.468938529,2.733728099,15.30772783,,,,,0.406145671,0.864544769,<0.001
,,Pooled,,,,,,,,,,,,,,,,,,,,,,,,,Pertussis Antibodies: Breast Milk,Immunogenicity,Observational,,70,Pertussis Antibodies: Breast Milk (Immunogenicity) - Observational - PT,,2.139032341,0.692201169,6.610013909,,,,,0.408162265,0.909793727,<0.001
1868,Jones 2021,Jones 2021,Non-randomized studies,,61,66.37,51.95,84.79,,,,27,5.97,4.02,8.87,,,High,Infbl2,FHA,2.40849822,1.94312184,2.873874599,ROM,,NRS,Pertussis Antibodies: Infant Blood at 2mo,Immunogenicity,Observational,High,41,Pertussis Antibodies: Infant Blood at 2mo (Immunogenicity) - Observational - FHA,,11.11725293,6.980509023,17.70548714,,,,,,,
2479,Maertens 2022a,Maertens 2022a,Non-randomized studies,,102,80.84,66.3,98.56,,,,14,13.21,9.42,18.52,,,Moderate,Infbl2,FHA,1.811497774,1.419646168,2.20334938,ROM,,NRS,Pertussis Antibodies: Infant Blood at 2mo,Immunogenicity,Observational,Moderate,41,Pertussis Antibodies: Infant Blood at 2mo (Immunogenicity) - Observational - FHA,,6.119606359,4.135656852,9.055292382,,,,,,,
2479,Maertens 2022b,Maertens 2022b,Non-randomized studies,,83,43.77,33.35,57.45,,,,14,5.04,2.52,10.05,,,Critical,Infbl2,FHA,2.161542569,1.418350539,2.904734599,ROM,,NRS,Pertussis Antibodies: Infant Blood at 2mo,Immunogenicity,Observational,Critical,41,Pertussis Antibodies: Infant Blood at 2mo (Immunogenicity) - Observational - FHA,,8.68452381,4.130302048,18.26039668,,,,,,,
Furuta 2017 (effectiveness outcomes) / listed under Vygen-Bonnet 2020,Maertens 2016,Maertens 2016,Non-randomized studies,,51,121,100,145,,,,26,23,19,27,,,Unclear,Infbl2,FHA,1.66029633,1.404591445,1.916001214,ROM,,NRS,Pertussis Antibodies: Infant Blood at 2mo,Immunogenicity,Observational,Unclear,41,Pertussis Antibodies: Infant Blood at 2mo (Immunogenicity) - Observational - FHA,,5.260869565,4.073862006,6.793737378,,,,,,,
1868,Jones 2021,Jones 2021,Non-randomized studies,,62,62.51,39.17,99.75,,,,27,2.63,1.44,4.82,,,High,Infbl2,PRN,3.168342698,2.404577571,3.932107824,ROM,,NRS,Pertussis Antibodies: Infant Blood at 2mo,Immunogenicity,Observational,High,42,Pertussis Antibodies: Infant Blood at 2mo (Immunogenicity) - Observational - PRN,,23.76806084,11.07375143,51.01439379,,,,,,,
2479,Maertens 2022a,Maertens 2022a,Non-randomized studies,,102,74.93,57.81,97.12,,,,14,11.67,4.91,27.74,,,Moderate,Infbl2,PRN,1.859532898,0.955710167,2.763355629,ROM,,NRS,Pertussis Antibodies: Infant Blood at 2mo,Immunogenicity,Observational,Moderate,42,Pertussis Antibodies: Infant Blood at 2mo (Immunogenicity) - Observational - PRN,,6.420736932,2.600516729,15.85295041,,,,,,,
2479,Maertens 2022b,Maertens 2022b,Non-randomized studies,,83,42.4,29.8,60.31,,,,14,3.5,1.95,6.27,,,Critical,Infbl2,PRN,2.494385394,1.812272794,3.176497994,ROM,,NRS,Pertussis Antibodies: Infant Blood at 2mo,Immunogenicity,Observational,Critical,42,Pertussis Antibodies: Infant Blood at 2mo (Immunogenicity) - Observational - PRN,,12.11428571,6.124351013,23.96268895,,,,,,,
Furuta 2017 (effectiveness outcomes) / listed under Vygen-Bonnet 2020,Maertens 2016,Maertens 2016,Non-randomized studies,,51,253,183,351,,,,26,17,14.5,21,,,Unclear,Infbl2,PRN,2.700176145,2.325553493,3.074798797,ROM,,NRS,Pertussis Antibodies: Infant Blood at 2mo,Immunogenicity,Observational,Unclear,42,Pertussis Antibodies: Infant Blood at 2mo (Immunogenicity) - Observational - PRN,,14.88235294,10.23234205,21.64552632,,,,,,,
1614,Healy 2018,Healy 2018,Non-randomized studies,,312,11.8,10.5,13.3,,,,314,3.2,2.9,3.5,,,Serious,Infbl2,PT,1.304948722,1.153916195,1.455981248,ROM,,NRS,Pertussis Antibodies: Infant Blood at 2mo,Immunogenicity,Observational,Serious,43,Pertussis Antibodies: Infant Blood at 2mo (Immunogenicity) - Observational - PT,,3.6875,3.170585259,4.28868967,,,,,,,
1868,Jones 2021,Jones 2021,Non-randomized studies,,61,16.82,12.64,22.37,,,,27,2.64,1.77,3.94,,,High,Infbl2,PT,1.851789737,1.360313224,2.343266251,ROM,,NRS,Pertussis Antibodies: Infant Blood at 2mo,Immunogenicity,Observational,High,43,Pertussis Antibodies: Infant Blood at 2mo (Immunogenicity) - Observational - PT,,6.371212121,3.897413873,10.41519972,,,,,,,
2479,Maertens 2022a,Maertens 2022a,Non-randomized studies,,102,18.7,15.23,22.95,,,,14,3.39,1.97,5.82,,,Moderate,Infbl2,PT,1.707693602,1.128554496,2.286832709,ROM,,NRS,Pertussis Antibodies: Infant Blood at 2mo,Immunogenicity,Observational,Moderate,43,Pertussis Antibodies: Infant Blood at 2mo (Immunogenicity) - Observational - PT,,5.516224189,3.091184949,9.843710357,,,,,,,
2479,Maertens 2022b,Maertens 2022b,Non-randomized studies,,83,10.94,8.55,14,,,,14,2.26,1.38,3.71,,,Low (except for uncontrolled confounding),Infbl2,PT,1.577060984,1.024523159,2.129598808,ROM,,NRS,Pertussis Antibodies: Infant Blood at 2mo,Immunogenicity,Observational,Low (except for uncontrolled confounding),43,Pertussis Antibodies: Infant Blood at 2mo (Immunogenicity) - Observational - PT,,4.840707965,2.785766776,8.411491515,,,,,,,
Furuta 2017 (effectiveness outcomes) / listed under Vygen-Bonnet 2020,Maertens 2016,Maertens 2016,Non-randomized studies,,51,15.5,12.1,20,,,,26,1.1,0.7,1.6,,,Unclear,Infbl2,PT,2.645529844,2.161812295,3.129247393,ROM,,NRS,Pertussis Antibodies: Infant Blood at 2mo,Immunogenicity,Observational,Unclear,43,Pertussis Antibodies: Infant Blood at 2mo (Immunogenicity) - Observational - PT,,14.09090909,8.686866567,22.85677091,,,,,,,
1550,Haidara 2024,Haidara 2024,Randomized studies,,114,143.5,121.8,169.1,,,,59,13.3,10.1,17.6,,,Low,Infbl2,FHA,2.378571,2.056047861,2.701094139,ROM,,RCT,Pertussis Antibodies: Infant Blood at 2mo,Immunogenicity,RCT,Low,44,Pertussis Antibodies: Infant Blood at 2mo (Immunogenicity) - RCT - FHA,,10.78947368,7.815022644,14.89602112,,,,,,,
Furuta 2017 (effectiveness outcomes) / listed under Vygen-Bonnet 2020,Hoang 2016,Hoang 2016,Randomized studies,,45,59,48,73,,,,35,23.1,19.7,27,,,Unclear,Infbl2,FHA,0.937704826,0.675435802,1.19997385,ROM,,RCT,Pertussis Antibodies: Infant Blood at 2mo,Immunogenicity,RCT,Unclear,44,Pertussis Antibodies: Infant Blood at 2mo (Immunogenicity) - RCT - FHA,,2.554112554,1.964889093,3.320030104,,,,,,,
1550,Haidara 2024,Haidara 2024,Randomized studies,,114,72.6,51.7,101.9,,,,59,1.8,1.3,2.7,,,Low,Infbl2,PRN,3.697178257,3.198528792,4.195827722,ROM,,RCT,Pertussis Antibodies: Infant Blood at 2mo,Immunogenicity,RCT,Low,45,Pertussis Antibodies: Infant Blood at 2mo (Immunogenicity) - RCT - PRN,,40.33333333,24.49646428,66.40867673,,,,,,,
4167,VillarrealPerez 2017,VillarrealPerez 2017,Randomized studies,,90,71.41,56.8,89.77,,,,81,6.93,5.52,8.72,,,Some concerns,Infbl2,PRN,2.332578102,2.0090923,2.656063905,ROM,,RCT,Pertussis Antibodies: Infant Blood at 2mo,Immunogenicity,RCT,Some concerns,45,Pertussis Antibodies: Infant Blood at 2mo (Immunogenicity) - RCT - PRN,,10.3044733,7.456545967,14.24012814,,,,,,,
Furuta 2017 (effectiveness outcomes) / listed under Vygen-Bonnet 2020,Hoang 2016,Hoang 2016,Randomized studies,,45,46,32,66,,,,35,7.8,6.6,9.4,,,Unclear,Infbl2,PRN,1.774517663,1.371677817,2.177357508,ROM,,RCT,Pertussis Antibodies: Infant Blood at 2mo,Immunogenicity,RCT,Unclear,45,Pertussis Antibodies: Infant Blood at 2mo (Immunogenicity) - RCT - PRN,,5.897435897,3.941959038,8.822960825,,,,,,,
1550,Haidara 2024,Haidara 2024,Randomized studies,,114,21,17.3,25.5,,,,59,4.3,3,6.2,,,Low,Infbl2,PT,1.585907415,1.174353419,1.997461411,ROM,,RCT,Pertussis Antibodies: Infant Blood at 2mo,Immunogenicity,RCT,Low,46,Pertussis Antibodies: Infant Blood at 2mo (Immunogenicity) - RCT - PT,,4.88372093,3.236049898,7.370322114,,,,,,,
4167,VillarrealPerez 2017,VillarrealPerez 2017,Randomized studies,,90,10.95,8.71,13.77,,,,81,6.2,4.96,7.73,,,Some concerns,Infbl2,PT,0.568790164,0.249942529,0.8876378,ROM,,RCT,Pertussis Antibodies: Infant Blood at 2mo,Immunogenicity,RCT,Some concerns,46,Pertussis Antibodies: Infant Blood at 2mo (Immunogenicity) - RCT - PT,,1.766129032,1.283951624,2.429384176,,,,,,,
Furuta 2017 (effectiveness outcomes) / listed under Vygen-Bonnet 2020,Hoang 2016,Hoang 2016,Randomized studies,,45,4.2,2.9,5.9,,,,35,0.8,0.5,1.3,,,Unclear,Infbl2,PT,1.658228077,1.062945524,2.25351063,ROM,,RCT,Pertussis Antibodies: Infant Blood at 2mo,Immunogenicity,RCT,Unclear,46,Pertussis Antibodies: Infant Blood at 2mo (Immunogenicity) - RCT - PT,,5.25,2.894885397,9.521102297,,,,,,,
1868,Jones 2021,Jones 2021,Non-randomized studies,,62,54.52,47.75,62.25,,,,45,67.31,55.02,82.34,,,High,Infbl5,FHA,-0.210741207,-0.452018199,0.030535784,ROM,,NRS,Pertussis Antibodies: Infant Blood at 5mo,Immunogenicity,Observational,High,47,Pertussis Antibodies: Infant Blood at 5mo (Immunogenicity) - Observational - FHA,,0.809983658,0.636342589,1.031006783,,,,,,,
2479,Maertens 2022a,Maertens 2022a,Non-randomized studies,,93,120.28,107.37,134.73,,,,13,162.11,128.97,203.77,,,Moderate,Infbl5,FHA,-0.298452759,-0.55377176,-0.043133758,ROM,,NRS,Pertussis Antibodies: Infant Blood at 5mo,Immunogenicity,Observational,Moderate,47,Pertussis Antibodies: Infant Blood at 5mo (Immunogenicity) - Observational - FHA,,0.741965332,0.574777793,0.95778327,,,,,,,
2479,Maertens 2022b,Maertens 2022b,Non-randomized studies,,69,106.69,90.6,125.65,,,,10,91.67,59.69,140.78,,,Moderate,Infbl5,FHA,0.151732261,-0.30739225,0.610856773,ROM,,NRS,Pertussis Antibodies: Infant Blood at 5mo,Immunogenicity,Observational,Moderate,47,Pertussis Antibodies: Infant Blood at 5mo (Immunogenicity) - Observational - FHA,,1.163848587,0.735362098,1.842008906,,,,,,,
Furuta 2017 (effectiveness outcomes) / listed under Vygen-Bonnet 2020,Maertens 2016,Maertens 2016,Non-randomized studies,,49,65,56,75,,,,21,54,41,70,,,Unclear,Infbl5,FHA,0.185403223,-0.119345236,0.490151682,ROM,,NRS,Pertussis Antibodies: Infant Blood at 5mo,Immunogenicity,Observational,Unclear,47,Pertussis Antibodies: Infant Blood at 5mo (Immunogenicity) - Observational - FHA,,1.203703704,0.887501351,1.632563832,,,,,,,
Furuta 2017,Ladhani 2015,Ladhani 2015,Non-randomized studies,,129,25.5,23,28.3,,,,197,41.1,37.5,45.1,,,High,Infbl5,FHA,-0.477329669,-0.616125214,-0.338534124,ROM,,NRS,Pertussis Antibodies: Infant Blood at 5mo,Immunogenicity,Observational,High,47,Pertussis Antibodies: Infant Blood at 5mo (Immunogenicity) - Observational - FHA,,0.620437956,0.540032901,0.712814455,,,,,,,
1868,Jones 2021,Jones 2021,Non-randomized studies,,62,3.64,2.77,4.79,,,,45,2.32,1.73,3.12,,,High,Infbl5,FIM,0.450416496,0.048012305,0.852820687,ROM,,NRS,Pertussis Antibodies: Infant Blood at 5mo,Immunogenicity,Observational,High,48,Pertussis Antibodies: Infant Blood at 5mo (Immunogenicity) - Observational - FIM,,1.568965517,1.049183565,2.346255579,,,,,,,
Furuta 2017,Ladhani 2015,Ladhani 2015,Non-randomized studies,,129,113.9,99,131.1,,,,197,224.9,196.1,258,,,High,Infbl5,FIM,-0.680334989,-0.876632607,-0.48403737,ROM,,NRS,Pertussis Antibodies: Infant Blood at 5mo,Immunogenicity,Observational,High,48,Pertussis Antibodies: Infant Blood at 5mo (Immunogenicity) - Observational - FIM,,0.50644731,0.416182003,0.616290171,,,,,,,
1868,Jones 2021,Jones 2021,Non-randomized studies,,62,65.88,55.66,77.96,,,,44,73.85,54.41,100.22,,,High,Infbl5,PRN,-0.114201104,-0.462993821,0.234591614,ROM,,NRS,Pertussis Antibodies: Infant Blood at 5mo,Immunogenicity,Observational,High,49,Pertussis Antibodies: Infant Blood at 5mo (Immunogenicity) - Observational - PRN,,0.892078538,0.629396521,1.264392303,,,,,,,
Furuta 2017 (effectiveness outcomes) / listed under Vygen-Bonnet 2020,Maertens 2016,Maertens 2016,Non-randomized studies,,49,68,56,84,,,,21,87,62,121,,,Unclear,Infbl5,PRN,-0.246400413,-0.637393705,0.144592878,ROM,,NRS,Pertussis Antibodies: Infant Blood at 5mo,Immunogenicity,Observational,Unclear,49,Pertussis Antibodies: Infant Blood at 5mo (Immunogenicity) - Observational - PRN,,0.781609195,0.528668496,1.155569017,,,,,,,
1868,Jones 2021,Jones 2021,Non-randomized studies,,62,30.72,26.32,35.84,,,,45,43.2,35.5,52.58,,,High,Infbl5,PT,-0.340926587,-0.590732457,-0.091120717,ROM,,NRS,Pertussis Antibodies: Infant Blood at 5mo,Immunogenicity,Observational,High,50,Pertussis Antibodies: Infant Blood at 5mo (Immunogenicity) - Observational - PT,,0.711111111,0.553921412,0.912907501,,,,,,,
2479,Maertens 2022a,Maertens 2022a,Non-randomized studies,,93,44.57,39.3,50.54,,,,13,56.65,44.51,72.09,,,Moderate,Infbl5,PT,-0.239831001,-0.511764314,0.032102313,ROM,,NRS,Pertussis Antibodies: Infant Blood at 5mo,Immunogenicity,Observational,Moderate,50,Pertussis Antibodies: Infant Blood at 5mo (Immunogenicity) - Observational - PT,,0.786760812,0.59943705,1.032623151,,,,,,,
2479,Maertens 2022b,Maertens 2022b,Non-randomized studies,,69,42.9,36.33,50.64,,,,10,46.13,24.95,85.28,,,Moderate,Infbl5,PT,-0.072591672,-0.709163075,0.563979732,ROM,,NRS,Pertussis Antibodies: Infant Blood at 5mo,Immunogenicity,Observational,Moderate,50,Pertussis Antibodies: Infant Blood at 5mo (Immunogenicity) - Observational - PT,,0.92998049,0.492055839,1.75765359,,,,,,,
Furuta 2017 (effectiveness outcomes) / listed under Vygen-Bonnet 2020,Maertens 2016,Maertens 2016,Non-randomized studies,,49,29,25,35,,,,21,54,42,69,,,Unclear,Infbl5,PT,-0.621688217,-0.921547829,-0.321828604,ROM,,NRS,Pertussis Antibodies: Infant Blood at 5mo,Immunogenicity,Observational,Unclear,50,Pertussis Antibodies: Infant Blood at 5mo (Immunogenicity) - Observational - PT,,0.537037037,0.397902679,0.724822411,,,,,,,
Furuta 2017,Ladhani 2015,Ladhani 2015,Non-randomized studies,,129,28.8,25.7,32.4,,,,197,43.2,39.4,47.2,,,High,Infbl5,PT,-0.405465108,-0.552346268,-0.258583948,ROM,,NRS,Pertussis Antibodies: Infant Blood at 5mo,Immunogenicity,Observational,High,50,Pertussis Antibodies: Infant Blood at 5mo (Immunogenicity) - Observational - PT,,0.666666667,0.575597718,0.772144208,,,,,,,
2884,Nakabembe 2025a,Nakabembe 2025a,Randomized studies,,40,20.2,15.4,26.5,,,,41,19.8,14.2,27.7,,,Low,Infbl5,FHA,0.020000667,-0.410430974,0.450432308,ROM,,RCT,Pertussis Antibodies: Infant Blood at 5mo,Immunogenicity,RCT,Low,51,Pertussis Antibodies: Infant Blood at 5mo (Immunogenicity) - RCT - FHA,,1.02020202,0.663364296,1.568990325,,,,,,,
2884,Nakabembe 2025b,Nakabembe 2025b,Randomized studies,,50,22.2,17.1,28.7,,,,50,17.1,12.8,22.7,,,Low,Infbl5,FHA,0.261013825,-0.125112193,0.647139844,ROM,,RCT,Pertussis Antibodies: Infant Blood at 5mo,Immunogenicity,RCT,Low,51,Pertussis Antibodies: Infant Blood at 5mo (Immunogenicity) - RCT - FHA,,1.298245614,0.882397898,1.91006991,,,,,,,
1550,Haidara 2024,Haidara 2024,Randomized studies,,63,23.9,19.2,29.8,,,,32,20.7,14.2,30.2,,,Low,Infbl5,FHA,0.143744759,-0.292909453,0.58039897,ROM,,RCT,Pertussis Antibodies: Infant Blood at 5mo,Immunogenicity,RCT,Low,51,Pertussis Antibodies: Infant Blood at 5mo (Immunogenicity) - RCT - FHA,,1.154589372,0.746089694,1.786751149,,,,,,,
Furuta 2017 (effectiveness outcomes) / listed under Vygen-Bonnet 2020,Hoang 2016,Hoang 2016,Randomized studies,,35,77,66,90,,,,35,66.6,56,78,,,Unclear,Infbl5,FHA,0.145100844,-0.081831762,0.372033451,ROM,,RCT,Pertussis Antibodies: Infant Blood at 5mo,Immunogenicity,RCT,Unclear,51,Pertussis Antibodies: Infant Blood at 5mo (Immunogenicity) - RCT - FHA,,1.156156156,0.921426965,1.450681507,,,,,,,
1550,Haidara 2024,Haidara 2024,Randomized studies,,63,28.4,21.6,37.3,,,,32,39.1,28.2,54.2,,,Low,Infbl5,PRN,-0.319733322,-0.745562394,0.10609575,ROM,,RCT,Pertussis Antibodies: Infant Blood at 5mo,Immunogenicity,RCT,Low,52,Pertussis Antibodies: Infant Blood at 5mo (Immunogenicity) - RCT - PRN,,0.726342711,0.474467387,1.111928339,,,,,,,
Furuta 2017 (effectiveness outcomes) / listed under Vygen-Bonnet 2020,Hoang 2016,Hoang 2016,Randomized studies,,35,83,65,104,,,,35,132.6,104,168,,,Unclear,Infbl5,PRN,-0.46849647,-0.804239583,-0.132753357,ROM,,RCT,Pertussis Antibodies: Infant Blood at 5mo,Immunogenicity,RCT,Unclear,52,Pertussis Antibodies: Infant Blood at 5mo (Immunogenicity) - RCT - PRN,,0.625942685,0.447428029,0.875681046,,,,,,,
2884,Nakabembe 2025a,Nakabembe 2025a,Randomized studies,,40,16.8,10.7,26.1,,,,41,87.6,43.7,175.6,,,Low,Infbl5,PT,-1.651402112,-2.47747823,-0.825325993,ROM,,RCT,Pertussis Antibodies: Infant Blood at 5mo,Immunogenicity,RCT,Low,53,Pertussis Antibodies: Infant Blood at 5mo (Immunogenicity) - RCT - PT,,0.191780822,0.083954673,0.438092154,,,,,,,
2884,Nakabembe 2025b,Nakabembe 2025b,Randomized studies,,50,23.5,15.6,35.3,,,,50,141.1,80.9,246.1,,,Low,Infbl5,PT,-1.792468438,-2.482498362,-1.102438513,ROM,,RCT,Pertussis Antibodies: Infant Blood at 5mo,Immunogenicity,RCT,Low,53,Pertussis Antibodies: Infant Blood at 5mo (Immunogenicity) - RCT - PT,,0.166548547,0.083534266,0.332060362,,,,,,,
1550,Haidara 2024,Haidara 2024,Randomized studies,,63,17.3,12.8,23.4,,,,32,67.1,35.5,126.7,,,Low,Infbl5,PT,-1.355477542,-2.05951592,-0.651439165,ROM,,RCT,Pertussis Antibodies: Infant Blood at 5mo,Immunogenicity,RCT,Low,53,Pertussis Antibodies: Infant Blood at 5mo (Immunogenicity) - RCT - PT,,0.257824143,0.127515683,0.521295007,,,,,,,
Furuta 2017 (effectiveness outcomes) / listed under Vygen-Bonnet 2020,Hoang 2016,Hoang 2016,Randomized studies,,35,70,58,84,,,,35,67,53,84,,,Unclear,Infbl5,PT,0.043802623,-0.251688457,0.339293702,ROM,,RCT,Pertussis Antibodies: Infant Blood at 5mo,Immunogenicity,RCT,Unclear,53,Pertussis Antibodies: Infant Blood at 5mo (Immunogenicity) - RCT - PT,,1.044776119,0.777486921,1.40395563,,,,,,,
2341,Lima 2019,Lima 2019,Non-randomized studies,,66,329.6,251.1,432.8,,,,101,32.1,25.3,40.6,,,Critical,Infcord,FHA,2.329023768,1.968436529,2.689611007,ROM,,NRS,Pertussis Antibodies: Infant Cord Blood at Birth,Immunogenicity,Observational,Critical,54,Pertussis Antibodies: Infant Cord Blood at Birth (Immunogenicity) - Observational - FHA,,10.26791277,7.159474102,14.72594652,,,,,,,
2479,Maertens 2022a,Maertens 2022a,Non-randomized studies,,100,365.8,307.11,435.7,,,,17,42.7,29.76,61.26,,,Moderate,Infcord,FHA,2.147887816,1.746779166,2.548996466,ROM,,NRS,Pertussis Antibodies: Infant Cord Blood at Birth,Immunogenicity,Observational,Moderate,54,Pertussis Antibodies: Infant Cord Blood at Birth (Immunogenicity) - Observational - FHA,,8.566744731,5.73609787,12.79425786,,,,,,,
2479,Maertens 2022b,Maertens 2022b,Non-randomized studies,,54,143.53,110.99,185.61,,,,6,29.03,11.63,72.44,,,Moderate,Infcord,FHA,1.598214295,0.648178141,2.548250448,ROM,,NRS,Pertussis Antibodies: Infant Cord Blood at Birth,Immunogenicity,Observational,Moderate,54,Pertussis Antibodies: Infant Cord Blood at Birth (Immunogenicity) - Observational - FHA,,4.94419566,1.91205416,12.78471668,,,,,,,
Furuta 2017,Abu Raya 2014a,Abu Raya 2014a,Non-randomized studies,,61,190.2,160.9,224.8,,,,20,17.1,10.2,28.7,,,Unclear,Infcord,FHA,2.408997687,1.865386651,2.952608723,ROM,,NRS,Pertussis Antibodies: Infant Cord Blood at Birth,Immunogenicity,Observational,Unclear,54,Pertussis Antibodies: Infant Cord Blood at Birth (Immunogenicity) - Observational - FHA,,11.12280702,6.45843256,19.15586093,,,,,,,
Furuta 2017 (effectiveness outcomes) / listed under Vygen-Bonnet 2020,Maertens 2016,Maertens 2016,Non-randomized studies,,58,140,109,180,,,,41,27.5,21.5,35,,,Unclear,Infcord,FHA,1.627456418,1.277789399,1.977123437,ROM,,NRS,Pertussis Antibodies: Infant Cord Blood at Birth,Immunogenicity,Observational,Unclear,54,Pertussis Antibodies: Infant Cord Blood at Birth (Immunogenicity) - Observational - FHA,,5.090909091,3.58869777,7.221938717,,,,,,,
Furuta 2017,Healy 2013,Healy 2013,Non-randomized studies,,19,87.6,56.3,136.4,,,,86,73,57.6,92.6,,,High,Infcord,FHA,0.182321557,-0.319785596,0.68442871,ROM,,NRS,Pertussis Antibodies: Infant Cord Blood at Birth,Immunogenicity,Observational,High,54,Pertussis Antibodies: Infant Cord Blood at Birth (Immunogenicity) - Observational - FHA,,1.2,0.726304743,1.98263885,,,,,,,
Furuta 2017,Gall 2011,Gall 2011,Non-randomized studies,,52,104.2,61.668,146.732,,21.7,,52,26.8,18.96,34.64,,4,High,Infcord,FHA,1.357910242,0.830028525,1.885791959,ROM,,NRS,Pertussis Antibodies: Infant Cord Blood at Birth,Immunogenicity,Observational,High,54,Pertussis Antibodies: Infant Cord Blood at Birth (Immunogenicity) - Observational - FHA,,3.888059701,2.293384157,6.59157263,,,,,,,
Furuta 2017,Healy 2013,Healy 2013,Non-randomized studies,,19,191.8,84.5,435.7,,,,86,182.6,127.7,261.2,,,High,Infcord,FIM,0.049155194,-0.845600504,0.943910893,ROM,,NRS,Pertussis Antibodies: Infant Cord Blood at Birth,Immunogenicity,Observational,High,55,Pertussis Antibodies: Infant Cord Blood at Birth (Immunogenicity) - Observational - FIM,,1.050383352,0.429299485,2.570012834,,,,,,,
Furuta 2017,Gall 2011,Gall 2011,Non-randomized studies,,52,1198.99,826.786,1571.194,,189.9,,52,82.8,54.2036,111.3964,,14.59,High,Infcord,FIM,2.672806753,2.190333216,3.15528029,ROM,,NRS,Pertussis Antibodies: Infant Cord Blood at Birth,Immunogenicity,Observational,High,55,Pertussis Antibodies: Infant Cord Blood at Birth (Immunogenicity) - Observational - FIM,,14.48055556,8.93819097,23.45961167,,,,,,,
2341,Lima 2019,Lima 2019,Non-randomized studies,,66,225.9,137.3,371.8,,,,101,8.9,6.3,12.7,,,Critical,Infcord,PRN,3.234041147,2.624971268,3.843111026,ROM,,NRS,Pertussis Antibodies: Infant Cord Blood at Birth,Immunogenicity,Observational,Critical,56,Pertussis Antibodies: Infant Cord Blood at Birth (Immunogenicity) - Observational - PRN,,25.38202247,13.80417756,46.67044177,,,,,,,
2479,Maertens 2022a,Maertens 2022a,Non-randomized studies,,100,387.06,307,488.02,,,,17,39.79,19.89,79.58,,,Moderate,Infcord,PRN,2.274964095,1.543980294,3.005947897,ROM,,NRS,Pertussis Antibodies: Infant Cord Blood at Birth,Immunogenicity,Observational,Moderate,56,Pertussis Antibodies: Infant Cord Blood at Birth (Immunogenicity) - Observational - PRN,,9.727569741,4.68319371,20.20535962,,,,,,,
2479,Maertens 2022b,Maertens 2022b,Non-randomized studies,,54,171.84,113.91,259.24,,,,6,15.9,7.06,35.81,,,Moderate,Infcord,PRN,2.380244702,1.470173178,3.290316226,ROM,,NRS,Pertussis Antibodies: Infant Cord Blood at Birth,Immunogenicity,Observational,Moderate,56,Pertussis Antibodies: Infant Cord Blood at Birth (Immunogenicity) - Observational - PRN,,10.80754717,4.349988397,26.85135342,,,,,,,
Furuta 2017,Abu Raya 2014a,Abu Raya 2014a,Non-randomized studies,,61,162.1,120.4,218.2,,,,20,10.6,4.5,25.3,,,Unclear,Infcord,PRN,2.727359428,1.814243003,3.640475852,ROM,,NRS,Pertussis Antibodies: Infant Cord Blood at Birth,Immunogenicity,Observational,Unclear,56,Pertussis Antibodies: Infant Cord Blood at Birth (Immunogenicity) - Observational - PRN,,15.29245283,6.136429162,38.10996712,,,,,,,
Furuta 2017 (effectiveness outcomes) / listed under Vygen-Bonnet 2020,Maertens 2016,Maertens 2016,Non-randomized studies,,58,697,573,848,,,,41,21,15.5,28,,,Unclear,Infcord,PRN,3.502262973,3.147519413,3.857006533,ROM,,NRS,Pertussis Antibodies: Infant Cord Blood at Birth,Immunogenicity,Observational,Unclear,56,Pertussis Antibodies: Infant Cord Blood at Birth (Immunogenicity) - Observational - PRN,,33.19047619,23.27824919,47.32347784,,,,,,,
Furuta 2017,Healy 2013,Healy 2013,Non-randomized studies,,19,70,32.5,150.5,,,,86,41.7,28.3,55,,,High,Infcord,PRN,0.517994113,-0.317284582,1.353272808,ROM,,NRS,Pertussis Antibodies: Infant Cord Blood at Birth,Immunogenicity,Observational,High,56,Pertussis Antibodies: Infant Cord Blood at Birth (Immunogenicity) - Observational - PRN,,1.678657074,0.728123515,3.870070827,,,,,,,
Furuta 2017,Gall 2011,Gall 2011,Non-randomized studies,,52,333,222.456,443.544,,56.4,,52,24.7,13.332,36.068,,5.8,High,Infcord,PRN,2.601339246,1.995803566,3.206874926,ROM,,NRS,Pertussis Antibodies: Infant Cord Blood at Birth,Immunogenicity,Observational,High,56,Pertussis Antibodies: Infant Cord Blood at Birth (Immunogenicity) - Observational - PRN,,13.48178138,7.358113385,24.70177063,,,,,,,
79,Abu Raya 2019a,Abu Raya 2019a,Non-randomized studies,,43,75.3,61.2,92.9,,,,22,21.4,16.6,27.6,,,Moderate,Infcord,PT,1.258089213,0.929194487,1.586983939,ROM,,NRS,Pertussis Antibodies: Infant Cord Blood at Birth,Immunogenicity,Observational,Moderate,57,Pertussis Antibodies: Infant Cord Blood at Birth (Immunogenicity) - Observational - PT,,3.518691589,2.532468419,4.888981203,,,,,,,
79,Abu Raya 2019b,Abu Raya 2019b,Non-randomized studies,,47,52.66,39.9,69.6,,,,22,21.4,16.6,27.6,,,Moderate,Infcord,PT,0.900465232,0.523619198,1.277311266,ROM,,NRS,Pertussis Antibodies: Infant Cord Blood at Birth,Immunogenicity,Observational,Moderate,57,Pertussis Antibodies: Infant Cord Blood at Birth (Immunogenicity) - Observational - PT,,2.460747664,1.68812627,3.586982309,,,,,,,
1205,Fallo 2018,Fallo 2018,Non-randomized studies,,105,51.3,41.3,63.8,,,,99,11.6,9.7,14,,,Moderate,Infcord,PT,1.486685654,1.202182316,1.771188992,ROM,,NRS,Pertussis Antibodies: Infant Cord Blood at Birth,Immunogenicity,Observational,Moderate,57,Pertussis Antibodies: Infant Cord Blood at Birth (Immunogenicity) - Observational - PT,,4.422413793,3.327370379,5.877837911,,,,,,,
1614,Healy 2018,Healy 2018,Non-randomized studies,,312,47.3,42.1,53.2,,,,314,12.9,11.8,14.2,,,Moderate,Infcord,PT,1.299282984,1.150086212,1.448479756,ROM,,NRS,Pertussis Antibodies: Infant Cord Blood at Birth,Immunogenicity,Observational,Moderate,57,Pertussis Antibodies: Infant Cord Blood at Birth (Immunogenicity) - Observational - PT,,3.666666667,3.158465195,4.256638467,,,,,,,
2341,Lima 2019,Lima 2019,Non-randomized studies,,66,55,39.3,77.1,,,,101,6.2,4.5,8.7,,,Critical,Infcord,PT,2.182783893,1.711424852,2.654142935,ROM,,NRS,Pertussis Antibodies: Infant Cord Blood at Birth,Immunogenicity,Observational,Critical,57,Pertussis Antibodies: Infant Cord Blood at Birth (Immunogenicity) - Observational - PT,,8.870967742,5.536845042,14.21279954,,,,,,,
2479,Maertens 2022a,Maertens 2022a,Non-randomized studies,,100,87.83,73.07,105.57,,,,17,15.37,8.83,26.75,,,Moderate,Infcord,PT,1.74298557,1.159055587,2.326915554,ROM,,NRS,Pertussis Antibodies: Infant Cord Blood at Birth,Immunogenicity,Observational,Moderate,57,Pertussis Antibodies: Infant Cord Blood at Birth (Immunogenicity) - Observational - PT,,5.71437866,3.186922083,10.24628862,,,,,,,
2479,Maertens 2022b,Maertens 2022b,Non-randomized studies,,53,47.64,37.93,59.84,,,,6,6.91,2.26,21.13,,,Moderate,Infcord,PT,1.930703107,0.790026795,3.071379418,ROM,,NRS,Pertussis Antibodies: Infant Cord Blood at Birth,Immunogenicity,Observational,Moderate,57,Pertussis Antibodies: Infant Cord Blood at Birth (Immunogenicity) - Observational - PT,,6.894356006,2.203455468,21.57163847,,,,,,,
4126,Vaz-de-Lima 2019,Vaz-de-Lima 2019,Non-randomized studies,,243,89.8,80.9,99.6,,,,75,16.1,12.7,20.4,,,Serious,Infcord,PT,1.718765703,1.459992196,1.977539211,ROM,,NRS,Pertussis Antibodies: Infant Cord Blood at Birth,Immunogenicity,Observational,Serious,57,Pertussis Antibodies: Infant Cord Blood at Birth (Immunogenicity) - Observational - PT,,5.577639752,4.305925923,7.224942034,,,,,,,
6659,Sahoo 2024,Sahoo 2024,Non-randomized studies,,30,117.42,100.11,134.74,46.38,,,162,27.18,23.77,30.59,21.98,,Critical,Infcord,PT,1.463275842,1.268414041,1.658137643,ROM,,NRS,Pertussis Antibodies: Infant Cord Blood at Birth,Immunogenicity,Observational,Critical,57,Pertussis Antibodies: Infant Cord Blood at Birth (Immunogenicity) - Observational - PT,,4.3200883,3.555209672,5.249525244,,,,,,,
Furuta 2017,Abu Raya 2014a,Abu Raya 2014a,Non-randomized studies,,61,17.81,10.67,29.74,,,,20,1.12,0.41,3.02,,,Unclear,Infcord,PT,2.766431412,1.644137857,3.888724967,ROM,,NRS,Pertussis Antibodies: Infant Cord Blood at Birth,Immunogenicity,Observational,Unclear,57,Pertussis Antibodies: Infant Cord Blood at Birth (Immunogenicity) - Observational - PT,,15.90178571,5.176545062,48.84856326,,,,,,,
Furuta 2017,Maertens 2016,Maertens 2016,Non-randomized studies,,58,100.7,82,123,,,,41,12.4,8,19,,,Unclear,Infcord,PT,2.094449327,1.616792934,2.572105721,ROM,,NRS,Pertussis Antibodies: Infant Cord Blood at Birth,Immunogenicity,Observational,Unclear,57,Pertussis Antibodies: Infant Cord Blood at Birth (Immunogenicity) - Observational - PT,,8.120967742,5.036910679,13.0933664,,,,,,,
Furuta 2017,Healy 2013,Healy 2013,Non-randomized studies,,19,17.3,11.1,26.8,,,,86,16.7,13.2,21,,,High,Infcord,PT,0.035297782,-0.46283517,0.533430734,ROM,,NRS,Pertussis Antibodies: Infant Cord Blood at Birth,Immunogenicity,Observational,High,57,Pertussis Antibodies: Infant Cord Blood at Birth (Immunogenicity) - Observational - PT,,1.035928144,0.629496384,1.704770903,,,,,,,
Furuta 2017,Gall 2011,Gall 2011,Non-randomized studies,,52,28.2,22.712,33.688,,2.8,,52,11.01,7.482,14.538,,1.8,High,Infcord,PT,0.940518027,0.554292471,1.326743583,ROM,,NRS,Pertussis Antibodies: Infant Cord Blood at Birth,Immunogenicity,Observational,High,57,Pertussis Antibodies: Infant Cord Blood at Birth (Immunogenicity) - Observational - PT,,2.561307902,1.740708948,3.768750759,,,,,,,
2884,Nakabembe 2025a,Nakabembe 2025a,Randomized studies,,40,74.1,44.3,124.2,,,,41,17.5,11.6,26.4,,,Low,Infcord,FHA,1.443214651,0.78385009,2.102579213,ROM,,RCT,Pertussis Antibodies: Infant Cord Blood at Birth,Immunogenicity,RCT,Low,58,Pertussis Antibodies: Infant Cord Blood at Birth (Immunogenicity) - RCT - FHA,,4.234285714,2.189887319,8.187259389,,,,,,,
2884,Nakabembe 2025b,Nakabembe 2025b,Randomized studies,,50,269.9,186.5,390.6,,,,50,17.5,12.5,24.7,,,Low,Infcord,FHA,2.735850639,2.233267989,3.238433289,ROM,,RCT,Pertussis Antibodies: Infant Cord Blood at Birth,Immunogenicity,RCT,Low,58,Pertussis Antibodies: Infant Cord Blood at Birth (Immunogenicity) - RCT - FHA,,15.42285714,9.330307652,25.49374912,,,,,,,
3201,Perrett 2020,Perrett 2020,Randomized studies,,291,366.1,329,407.3,,,,292,22.7,19.7,26.2,,,Some concerns,Infcord,FHA,2.780541596,2.602437547,2.958645644,ROM,,RCT,Pertussis Antibodies: Infant Cord Blood at Birth,Immunogenicity,RCT,Some concerns,58,Pertussis Antibodies: Infant Cord Blood at Birth (Immunogenicity) - RCT - FHA,,16.1277533,13.49659656,19.27185312,,,,,,,
1550,Haidara 2024,Haidara 2024,Randomized studies,,124,387.5,327.9,457.9,,,,64,28.4,22.2,36.3,,,Low,Infcord,FHA,2.613326704,2.316126741,2.910526666,ROM,,RCT,Pertussis Antibodies: Infant Cord Blood at Birth,Immunogenicity,RCT,Low,58,Pertussis Antibodies: Infant Cord Blood at Birth (Immunogenicity) - RCT - FHA,,13.6443662,10.13633752,18.36646902,,,,,,,
Furuta 2017 (effectiveness outcomes) / listed under Vygen-Bonnet 2020,Munoz 2014,Munoz 2014,Randomized studies,,31,234.2,184.6,297.3,,,,14,25.1,10.5,60.3,,,Unclear,Infcord,FHA,2.233307605,1.327430485,3.139184725,ROM,,RCT,Pertussis Antibodies: Infant Cord Blood at Birth,Immunogenicity,RCT,Unclear,58,Pertussis Antibodies: Infant Cord Blood at Birth (Immunogenicity) - RCT - FHA,,9.330677291,3.77134041,23.08503854,,,,,,,
Furuta 2017,Hoang 2016,Hoang 2016,Randomized studies,,50,93,65,133,,,,47,27.3,20.9,36.7,,,Unclear,Infcord,FHA,1.225712791,0.77030049,1.681125092,ROM,,RCT,Pertussis Antibodies: Infant Cord Blood at Birth,Immunogenicity,RCT,Unclear,58,Pertussis Antibodies: Infant Cord Blood at Birth (Immunogenicity) - RCT - FHA,,3.406593407,2.160415339,5.371596114,,,,,,,
1550,Haidara 2024,Haidara 2024,Randomized studies,,124,23.9,17.8,32,,,,64,15.2,9.8,23.8,,,Low,Infcord,FIM,0.452583031,-0.079237694,0.984403756,ROM,,RCT,Pertussis Antibodies: Infant Cord Blood at Birth,Immunogenicity,RCT,Low,59,Pertussis Antibodies: Infant Cord Blood at Birth (Immunogenicity) - RCT - FIM,,1.572368421,0.923820312,2.676215732,,,,,,,
Furuta 2017 (effectiveness outcomes) / listed under Vygen-Bonnet 2020,Munoz 2014,Munoz 2014,Randomized studies,,31,1867,1211.7,2876.8,,,,14,51.8,22.8,118,,,Unclear,Infcord,FIM,3.584697994,2.655973957,4.513422032,ROM,,RCT,Pertussis Antibodies: Infant Cord Blood at Birth,Immunogenicity,RCT,Unclear,59,Pertussis Antibodies: Infant Cord Blood at Birth (Immunogenicity) - RCT - FIM,,36.04247104,14.23884733,91.23348883,,,,,,,
3201,Perrett 2020,Perrett 2020,Randomized studies,,291,301.8,250.9,362.9,,,,292,14.6,12.1,17.7,,,Some concerns,Infcord,PRN,3.028743018,2.763748731,3.293737304,ROM,,RCT,Pertussis Antibodies: Infant Cord Blood at Birth,Immunogenicity,RCT,Some concerns,60,Pertussis Antibodies: Infant Cord Blood at Birth (Immunogenicity) - RCT - PRN,,20.67123288,15.85918347,26.9433713,,,,,,,
1550,Haidara 2024,Haidara 2024,Randomized studies,,124,184.5,130.6,260.6,,,,64,4,2.7,5.9,,,Low,Infcord,PRN,3.831355102,3.309740784,4.352969421,ROM,,RCT,Pertussis Antibodies: Infant Cord Blood at Birth,Immunogenicity,RCT,Low,60,Pertussis Antibodies: Infant Cord Blood at Birth (Immunogenicity) - RCT - PRN,,46.125,27.37802772,77.70887102,,,,,,,
4167,VillarrealPerez 2017,VillarrealPerez 2017,Randomized studies,,90,127.51,104.15,156.12,,,,81,8.07,5.84,11.14,,,Some concerns,Infcord,PRN,2.760041311,2.37894762,3.141135001,ROM,,RCT,Pertussis Antibodies: Infant Cord Blood at Birth,Immunogenicity,RCT,Some concerns,60,Pertussis Antibodies: Infant Cord Blood at Birth (Immunogenicity) - RCT - PRN,,15.80049566,10.79353798,23.13010466,,,,,,,
Furuta 2017 (effectiveness outcomes) / listed under Vygen-Bonnet 2020,Munoz 2014,Munoz 2014,Randomized studies,,31,219,134.4,357,,,,14,14.4,5.4,38.4,,,Unclear,Infcord,PRN,2.721843523,1.626116858,3.817570189,ROM,,RCT,Pertussis Antibodies: Infant Cord Blood at Birth,Immunogenicity,RCT,Unclear,60,Pertussis Antibodies: Infant Cord Blood at Birth (Immunogenicity) - RCT - PRN,,15.20833333,5.084094077,45.49353322,,,,,,,
Furuta 2017,Hoang 2016,Hoang 2016,Randomized studies,,50,124,86,179,,,,47,13.9,10.5,18.2,,,Unclear,Infcord,PRN,2.188392725,1.730163408,2.646622043,ROM,,RCT,Pertussis Antibodies: Infant Cord Blood at Birth,Immunogenicity,RCT,Unclear,60,Pertussis Antibodies: Infant Cord Blood at Birth (Immunogenicity) - RCT - PRN,,8.920863309,5.641575712,14.10630757,,,,,,,
2884,Nakabembe 2025a,Nakabembe 2025a,Randomized studies,,40,114.8,70.4,186.8,,,,41,12,8,17,,,Low,Infcord,PT,2.258284834,1.641753021,2.874816647,ROM,,RCT,Pertussis Antibodies: Infant Cord Blood at Birth,Immunogenicity,RCT,Low,61,Pertussis Antibodies: Infant Cord Blood at Birth (Immunogenicity) - RCT - PT,,9.566666667,5.164214558,17.72217441,,,,,,,
2884,Nakabembe 2025b,Nakabembe 2025b,Randomized studies,,50,170,101,285,,,,50,8,5,12,,,Low,Infcord,PT,3.056356895,2.377648701,3.73506509,ROM,,RCT,Pertussis Antibodies: Infant Cord Blood at Birth,Immunogenicity,RCT,Low,61,Pertussis Antibodies: Infant Cord Blood at Birth (Immunogenicity) - RCT - PT,,21.25,10.77952715,41.89075214,,,,,,,
3201,Perrett 2020,Perrett 2020,Randomized studies,,291,46.9,41.2,53.3,,,,292,5.5,4.8,6.3,,,Some concerns,Infcord,PT,2.143269583,1.956017611,2.330521555,ROM,,RCT,Pertussis Antibodies: Infant Cord Blood at Birth,Immunogenicity,RCT,Some concerns,61,Pertussis Antibodies: Infant Cord Blood at Birth (Immunogenicity) - RCT - PT,,8.527272727,7.071111005,10.28330345,,,,,,,
1550,Haidara 2024,Haidara 2024,Randomized studies,,124,55.4,46.2,66.2,,,,64,7.9,5.4,11.5,,,Low,Infcord,PT,1.947716834,1.52913528,2.366298389,ROM,,RCT,Pertussis Antibodies: Infant Cord Blood at Birth,Immunogenicity,RCT,Low,61,Pertussis Antibodies: Infant Cord Blood at Birth (Immunogenicity) - RCT - PT,,7.012658228,4.614185118,10.65786789,,,,,,,
4167,VillarrealPerez 2017,VillarrealPerez 2017,Randomized studies,,90,28.25,21.06,37.9,,,,81,8.02,5.84,11,,,Some concerns,Infcord,PT,1.259155036,0.827257378,1.691052693,ROM,,RCT,Pertussis Antibodies: Infant Cord Blood at Birth,Immunogenicity,RCT,Some concerns,61,Pertussis Antibodies: Infant Cord Blood at Birth (Immunogenicity) - RCT - PT,,3.52244389,2.287037652,5.425188759,,,,,,,
Furuta 2017 (effectiveness outcomes) / listed under Vygen-Bonnet 2020,Munoz 2014,Munoz 2014,Randomized studies,,31,68.8,52.1,90.8,,,,14,14,7.3,26.9,,,Unclear,Infcord,PT,1.592146415,0.883336307,2.300956523,ROM,,RCT,Pertussis Antibodies: Infant Cord Blood at Birth,Immunogenicity,RCT,Unclear,61,Pertussis Antibodies: Infant Cord Blood at Birth (Immunogenicity) - RCT - PT,,4.914285714,2.418956641,9.983727558,,,,,,,
Furuta 2017,Hoang 2016,Hoang 2016,Randomized studies,,50,21,16,28,,,,47,7.2,5.6,9.4,,,Unclear,Infcord,PT,1.070441412,0.689182026,1.451700797,ROM,,RCT,Pertussis Antibodies: Infant Cord Blood at Birth,Immunogenicity,RCT,Unclear,61,Pertussis Antibodies: Infant Cord Blood at Birth (Immunogenicity) - RCT - PT,,2.916666667,1.992085393,4.270371378,,,,,,,
4288,Wieringa 2025,Wieringa 2025,Non-randomized studies,,135,158.3,134.63,186.14,,,,25,7.61,4.57,12.66,,,Moderate,Matbl,FHA,3.035028795,2.500430181,3.569627409,ROM,,NRS,Pertussis Antibodies: Maternal Blood at Birth,Immunogenicity,Observational,Moderate,62,Pertussis Antibodies: Maternal Blood at Birth (Immunogenicity) - Observational - FHA,,20.80157687,12.18773576,35.50336247,,,,,,,
2341,Lima 2019,Lima 2019,Non-randomized studies,,66,339.2,250.8,458.6,,,,101,23.7,18.7,30.1,,,Critical,Matbl,FHA,2.661114856,2.276791733,3.045437979,ROM,,NRS,Pertussis Antibodies: Maternal Blood at Birth,Immunogenicity,Observational,Critical,62,Pertussis Antibodies: Maternal Blood at Birth (Immunogenicity) - Observational - FHA,,14.31223629,9.745364469,21.01923516,,,,,,,
2479,Maertens 2022a,Maertens 2022a,Non-randomized studies,,106,231.49,195.47,274.16,,,,17,22.19,13.5,36.5,,,Moderate,Matbl,FHA,2.344894939,1.819603516,2.870186362,ROM,,NRS,Pertussis Antibodies: Maternal Blood at Birth,Immunogenicity,Observational,Moderate,62,Pertussis Antibodies: Maternal Blood at Birth (Immunogenicity) - Observational - FHA,,10.43217666,6.169411895,17.64030537,,,,,,,
2479,Maertens 2022b,Maertens 2022b,Non-randomized studies,,63,178.89,133.89,239.02,,,,14,16.05,6.85,37.59,,,Moderate,Matbl,FHA,2.411062242,1.51185097,3.310273514,ROM,,NRS,Pertussis Antibodies: Maternal Blood at Birth,Immunogenicity,Observational,Moderate,62,Pertussis Antibodies: Maternal Blood at Birth (Immunogenicity) - Observational - FHA,,11.14579439,4.535117398,27.39261672,,,,,,,
Furuta 2017,Abu Raya 2014a,Abu Raya 2014a,Non-randomized studies,,61,187.4,162.9,215.7,,,,20,13.4,8.9,20.3,,,Unclear,Matbl,FHA,2.637990663,2.202463182,3.073518144,ROM,,NRS,Pertussis Antibodies: Maternal Blood at Birth,Immunogenicity,Observational,Unclear,62,Pertussis Antibodies: Maternal Blood at Birth (Immunogenicity) - Observational - FHA,,13.98507463,9.047271149,21.61782366,,,,,,,
Furuta 2017 (effectiveness outcomes) / listed under Vygen-Bonnet 2020,Maertens 2016,Maertens 2016,Non-randomized studies,,57,107,91,126,,,,41,21.4,16.6,27.5,,,Unclear,Matbl,FHA,1.609437912,1.30914392,1.909731905,ROM,,NRS,Pertussis Antibodies: Maternal Blood at Birth,Immunogenicity,Observational,Unclear,62,Pertussis Antibodies: Maternal Blood at Birth (Immunogenicity) - Observational - FHA,,5,3.703002288,6.751278572,,,,,,,
Furuta 2017,Healy 2013,Healy 2013,Non-randomized studies,,19,49.3,28.4,85.8,,,,86,50.9,40.6,63.9,,,High,Matbl,FHA,-0.031938843,-0.629460007,0.565582322,ROM,,NRS,Pertussis Antibodies: Maternal Blood at Birth,Immunogenicity,Observational,High,62,Pertussis Antibodies: Maternal Blood at Birth (Immunogenicity) - Observational - FHA,,0.968565815,0.532879475,1.760472646,,,,,,,
4288,Wieringa 2025,Wieringa 2025,Non-randomized studies,,135,8.33,6.29,11.05,,,,25,4.46,2.29,8.68,,,Moderate,Matbl,FIM,0.62471469,-0.098640901,1.348070282,ROM,,NRS,Pertussis Antibodies: Maternal Blood at Birth,Immunogenicity,Observational,Moderate,63,Pertussis Antibodies: Maternal Blood at Birth (Immunogenicity) - Observational - FIM,,1.867713004,0.906068017,3.849988964,,,,,,,
Furuta 2017,Healy 2013,Healy 2013,Non-randomized studies,,19,103.1,42.7,249,,,,86,138.2,97.2,196.5,,,High,Matbl,FIM,-0.29300252,-1.242282265,0.656277225,ROM,,NRS,Pertussis Antibodies: Maternal Blood at Birth,Immunogenicity,Observational,High,63,Pertussis Antibodies: Maternal Blood at Birth (Immunogenicity) - Observational - FIM,,0.74602026,0.288724519,1.927602928,,,,,,,
4288,Wieringa 2025,Wieringa 2025,Non-randomized studies,,135,108.89,81.13,140.84,,,,25,4.73,2.56,8.75,,,Moderate,Matbl,PRN,3.136412996,2.46284294,3.809983052,ROM,,NRS,Pertussis Antibodies: Maternal Blood at Birth,Immunogenicity,Observational,Moderate,64,Pertussis Antibodies: Maternal Blood at Birth (Immunogenicity) - Observational - PRN,,23.02114165,11.73813496,45.14967367,,,,,,,
2341,Lima 2019,Lima 2019,Non-randomized studies,,66,257.5,153.8,431.2,,,,101,7.5,5.4,10.5,,,Critical,Matbl,PRN,3.5361167,2.922727062,4.149506337,ROM,,NRS,Pertussis Antibodies: Maternal Blood at Birth,Immunogenicity,Observational,Critical,64,Pertussis Antibodies: Maternal Blood at Birth (Immunogenicity) - Observational - PRN,,34.33333333,18.5919197,63.40269304,,,,,,,
2479,Maertens 2022a,Maertens 2022a,Non-randomized studies,,106,250.9,199.65,315.31,,,,17,19.08,7.78,46.77,,,Moderate,Matbl,PRN,2.576413787,1.650920889,3.501906686,ROM,,NRS,Pertussis Antibodies: Maternal Blood at Birth,Immunogenicity,Observational,Moderate,64,Pertussis Antibodies: Maternal Blood at Birth (Immunogenicity) - Observational - PRN,,13.14989518,5.211777085,33.17865296,,,,,,,
2479,Maertens 2022b,Maertens 2022b,Non-randomized studies,,63,217.8,140.53,337.55,,,,14,9.27,4.49,19.12,,,Moderate,Matbl,PRN,3.156793831,2.310161019,4.003426642,ROM,,NRS,Pertussis Antibodies: Maternal Blood at Birth,Immunogenicity,Observational,Moderate,64,Pertussis Antibodies: Maternal Blood at Birth (Immunogenicity) - Observational - PRN,,23.49514563,10.07604696,54.78555928,,,,,,,
Furuta 2017,Abu Raya 2014a,Abu Raya 2014a,Non-randomized studies,,61,166,125.7,219.4,,,,20,8.5,3.5,20.3,,,Unclear,Matbl,PRN,2.971921625,2.049924918,3.893918332,ROM,,NRS,Pertussis Antibodies: Maternal Blood at Birth,Immunogenicity,Observational,Unclear,64,Pertussis Antibodies: Maternal Blood at Birth (Immunogenicity) - Observational - PRN,,19.52941176,7.767317897,49.10291158,,,,,,,
Furuta 2017 (effectiveness outcomes) / listed under Vygen-Bonnet 2020,Maertens 2016,Maertens 2016,Non-randomized studies,,57,602,485.5,747,,,,41,18,13,24,,,Unclear,Matbl,PRN,3.509885687,3.135199235,3.88457214,ROM,,NRS,Pertussis Antibodies: Maternal Blood at Birth,Immunogenicity,Observational,Unclear,64,Pertussis Antibodies: Maternal Blood at Birth (Immunogenicity) - Observational - PRN,,33.44444444,22.99321643,48.64612428,,,,,,,
Furuta 2017,Healy 2013,Healy 2013,Non-randomized studies,,19,40.4,18.9,87.3,,,,86,39.5,28.3,55,,,High,Matbl,PRN,0.022529113,-0.811587064,0.85664529,ROM,,NRS,Pertussis Antibodies: Maternal Blood at Birth,Immunogenicity,Observational,High,64,Pertussis Antibodies: Maternal Blood at Birth (Immunogenicity) - Observational - PRN,,1.02278481,0.444152608,2.355246257,,,,,,,
4288,Wieringa 2025,Wieringa 2025,Non-randomized studies,,135,40.57,33.41,49.26,,,,25,3.29,2.04,5.29,,,Moderate,Matbl,PT,2.512141312,1.997675117,3.026607508,ROM,,NRS,Pertussis Antibodies: Maternal Blood at Birth,Immunogenicity,Observational,Moderate,65,Pertussis Antibodies: Maternal Blood at Birth (Immunogenicity) - Observational - PT,,12.33130699,7.371897363,20.62713635,,,,,,,
1205,Fallo 2018,Fallo 2018,Non-randomized studies,,105,35.1,28.5,43.1,,,,99,9.8,8,12.1,,,Moderate,Matbl,PT,1.275818745,0.983294739,1.568342751,ROM,,NRS,Pertussis Antibodies: Maternal Blood at Birth,Immunogenicity,Observational,Moderate,65,Pertussis Antibodies: Maternal Blood at Birth (Immunogenicity) - Observational - PT,,3.581632653,2.673249407,4.798688977,,,,,,,
2341,Lima 2019,Lima 2019,Non-randomized studies,,66,59.6,42.5,83.5,,,,101,4.7,3.4,6.6,,,Critical,Matbl,PT,2.540093065,2.066794326,3.013391805,ROM,,NRS,Pertussis Antibodies: Maternal Blood at Birth,Immunogenicity,Observational,Critical,65,Pertussis Antibodies: Maternal Blood at Birth (Immunogenicity) - Observational - PT,,12.68085106,7.899459394,20.35632765,,,,,,,
2479,Maertens 2022a,Maertens 2022a,Non-randomized studies,,106,59.69,50.24,70.92,,,,17,8.32,4.5,15.37,,,Moderate,Matbl,PT,1.970502247,1.3326022,2.608402294,ROM,,NRS,Pertussis Antibodies: Maternal Blood at Birth,Immunogenicity,Observational,Moderate,65,Pertussis Antibodies: Maternal Blood at Birth (Immunogenicity) - Observational - PT,,7.174278846,3.790895233,13.57734092,,,,,,,
2479,Maertens 2022b,Maertens 2022b,Non-randomized studies,,63,58.18,44.93,75.32,,,,14,6.04,2.95,12.37,,,Moderate,Matbl,PT,2.265137641,1.503273104,3.027002178,ROM,,NRS,Pertussis Antibodies: Maternal Blood at Birth,Immunogenicity,Observational,Moderate,65,Pertussis Antibodies: Maternal Blood at Birth (Immunogenicity) - Observational - PT,,9.632450331,4.496382139,20.63527888,,,,,,,
4126,Vaz-de-Lima 2019,Vaz-de-Lima 2019,Non-randomized studies,,243,66.5,60.1,73.6,,,,75,12.4,10.3,14.9,,,Serious,Matbl,PT,1.679505475,1.468921498,1.890089452,ROM,,NRS,Pertussis Antibodies: Maternal Blood at Birth,Immunogenicity,Observational,Serious,65,Pertussis Antibodies: Maternal Blood at Birth (Immunogenicity) - Observational - PT,,5.362903226,4.344547011,6.619960824,,,,,,,
Furuta 2017,Abu Raya 2014a,Abu Raya 2014a,Non-randomized studies,,61,16.9,10.5,27,,,,20,0.7,0.3,1.8,,,Unclear,Matbl,PT,3.183988566,2.171268253,4.196708878,ROM,,NRS,Pertussis Antibodies: Maternal Blood at Birth,Immunogenicity,Observational,Unclear,65,Pertussis Antibodies: Maternal Blood at Birth (Immunogenicity) - Observational - PT,,24.14285714,8.76939881,66.46721898,,,,,,,
Furuta 2017 (effectiveness outcomes) / listed under Vygen-Bonnet 2020,Maertens 2016,Maertens 2016,Non-randomized studies,,57,31.4,26,38,,,,41,6.4,4.3,9.6,,,Unclear,Matbl,PT,1.590509903,1.14636488,2.034654925,ROM,,NRS,Pertussis Antibodies: Maternal Blood at Birth,Immunogenicity,Observational,Unclear,65,Pertussis Antibodies: Maternal Blood at Birth (Immunogenicity) - Observational - PT,,4.90625,3.14673334,7.649611982,,,,,,,
Furuta 2017,Healy 2013,Healy 2013,Non-randomized studies,,19,10.5,6.4,17.1,,,,86,14,11.1,17.7,,,High,Matbl,PT,-0.287682072,-0.831646971,0.256282827,ROM,,NRS,Pertussis Antibodies: Maternal Blood at Birth,Immunogenicity,Observational,High,65,Pertussis Antibodies: Maternal Blood at Birth (Immunogenicity) - Observational - PT,,0.75,0.435331717,1.292118122,,,,,,,
2884,Nakabembe 2025a,Nakabembe 2025a,Randomized studies,,40,66.4,41.7,105.7,,,,41,18.8,13.4,26.3,,,Low,Matbl,FHA,1.261840187,0.687429033,1.836251341,ROM,,RCT,Pertussis Antibodies: Maternal Blood at Birth,Immunogenicity,RCT,Low,66,Pertussis Antibodies: Maternal Blood at Birth (Immunogenicity) - RCT - FHA,,3.531914894,1.988596339,6.27297887,,,,,,,
2884,Nakabembe 2025b,Nakabembe 2025b,Randomized studies,,50,210.9,158.1,281.4,,,,50,16.5,12.2,22.2,,,Low,Matbl,FHA,2.548023707,2.132452226,2.963595187,ROM,,RCT,Pertussis Antibodies: Maternal Blood at Birth,Immunogenicity,RCT,Low,66,Pertussis Antibodies: Maternal Blood at Birth (Immunogenicity) - RCT - FHA,,12.78181818,8.43552729,19.36747644,,,,,,,
1550,Haidara 2024,Haidara 2024,Randomized studies,,127,321.5,275,375.8,,,,64,30.6,24.8,37.7,,,Low,Matbl,FHA,2.351997535,2.09078414,2.61321093,ROM,,RCT,Pertussis Antibodies: Maternal Blood at Birth,Immunogenicity,RCT,Low,66,Pertussis Antibodies: Maternal Blood at Birth (Immunogenicity) - RCT - FHA,,10.50653595,8.091257355,13.64278663,,,,,,,
Furuta 2017 (effectiveness outcomes) / listed under Vygen-Bonnet 2020,Munoz 2014,Munoz 2014,Randomized studies,,33,184.8,142.8,239.1,,,,14,21.9,10.9,44.1,,,Unclear,Matbl,FHA,2.132787522,1.387933173,2.877641871,ROM,,RCT,Pertussis Antibodies: Maternal Blood at Birth,Immunogenicity,RCT,Unclear,66,Pertussis Antibodies: Maternal Blood at Birth (Immunogenicity) - RCT - FHA,,8.438356164,4.006560623,17.77231432,,,,,,,
Furuta 2017 (effectiveness outcomes) / listed under Vygen-Bonnet 2020,Hoang 2016,Hoang 2016,Randomized studies,,51,139,109,176,,,,47,17.3,14,21.4,,,Unclear,Matbl,FHA,2.083767432,1.763755552,2.403779311,ROM,,RCT,Pertussis Antibodies: Maternal Blood at Birth,Immunogenicity,RCT,Unclear,66,Pertussis Antibodies: Maternal Blood at Birth (Immunogenicity) - RCT - FHA,,8.034682081,5.834307347,11.06491522,,,,,,,
1550,Haidara 2024,Haidara 2024,Randomized studies,,127,26.3,21,33,,,,64,20.1,14.3,28.2,,,Low,Matbl,FIM,0.268849124,-0.139016157,0.676714405,ROM,,RCT,Pertussis Antibodies: Maternal Blood at Birth,Immunogenicity,RCT,Low,67,Pertussis Antibodies: Maternal Blood at Birth (Immunogenicity) - RCT - FIM,,1.308457711,0.870213968,1.967403013,,,,,,,
Furuta 2017 (effectiveness outcomes) / listed under Vygen-Bonnet 2020,Munoz 2014,Munoz 2014,Randomized studies,,33,1485.7,979.9,2252.6,,,,14,34.9,16.3,74.8,,,Unclear,Matbl,FIM,3.751154491,2.88305446,4.619254523,ROM,,RCT,Pertussis Antibodies: Maternal Blood at Birth,Immunogenicity,RCT,Unclear,67,Pertussis Antibodies: Maternal Blood at Birth (Immunogenicity) - RCT - FIM,,42.57020057,17.86876934,101.4183989,,,,,,,
1550,Haidara 2024,Haidara 2024,Randomized studies,,127,164.6,121,224.1,,,,64,5.1,3.7,7.1,,,Low,Matbl,PRN,3.474277749,3.025774234,3.922781263,ROM,,RCT,Pertussis Antibodies: Maternal Blood at Birth,Immunogenicity,RCT,Low,68,Pertussis Antibodies: Maternal Blood at Birth (Immunogenicity) - RCT - PRN,,32.2745098,20.60995546,50.54081679,,,,,,,
Furuta 2017 (effectiveness outcomes) / listed under Vygen-Bonnet 2020,Munoz 2014,Munoz 2014,Randomized studies,,33,184.5,110.2,308.8,,,,14,12.2,5.2,28.4,,,Unclear,Matbl,PRN,2.716213512,1.723237337,3.709189686,ROM,,RCT,Pertussis Antibodies: Maternal Blood at Birth,Immunogenicity,RCT,Unclear,68,Pertussis Antibodies: Maternal Blood at Birth (Immunogenicity) - RCT - PRN,,15.12295082,5.602636762,40.82071554,,,,,,,
Furuta 2017 (effectiveness outcomes) / listed under Vygen-Bonnet 2020,Hoang 2016,Hoang 2016,Randomized studies,,51,111,76,163,,,,47,9.4,6.9,12.5,,,Unclear,Matbl,PRN,2.468820512,1.98527192,2.952369104,ROM,,RCT,Pertussis Antibodies: Maternal Blood at Birth,Immunogenicity,RCT,Unclear,68,Pertussis Antibodies: Maternal Blood at Birth (Immunogenicity) - RCT - PRN,,11.80851064,7.281026971,19.15127139,,,,,,,
2884,Nakabembe 2025a,Nakabembe 2025a,Randomized studies,,40,87.4,55.1,138.5,,,,41,10.2,7,14.9,,,Low,Matbl,PT,2.148107562,1.552231067,2.743984058,ROM,,RCT,Pertussis Antibodies: Maternal Blood at Birth,Immunogenicity,RCT,Low,69,Pertussis Antibodies: Maternal Blood at Birth (Immunogenicity) - RCT - PT,,8.568627451,4.721993522,15.54880922,,,,,,,
2884,Nakabembe 2025b,Nakabembe 2025b,Randomized studies,,50,122.7,79.4,186.6,,,,50,6.6,4.5,9.6,,,Low,Matbl,PT,2.922672703,2.35166378,3.493681625,ROM,,RCT,Pertussis Antibodies: Maternal Blood at Birth,Immunogenicity,RCT,Low,69,Pertussis Antibodies: Maternal Blood at Birth (Immunogenicity) - RCT - PT,,18.59090909,10.50302993,32.90687574,,,,,,,
1550,Haidara 2024,Haidara 2024,Randomized studies,,127,47,40.1,55.1,,,,64,10.1,7.4,13.6,,,Low,Matbl,PT,1.537612178,1.194333334,1.880891021,ROM,,RCT,Pertussis Antibodies: Maternal Blood at Birth,Immunogenicity,RCT,Low,69,Pertussis Antibodies: Maternal Blood at Birth (Immunogenicity) - RCT - PT,,4.653465347,3.301356136,6.559346778,,,,,,,
Furuta 2017 (effectiveness outcomes) / listed under Vygen-Bonnet 2020,Munoz 2014,Munoz 2014,Randomized studies,,33,51,37.1,70.1,,,,14,9.1,4.6,17.8,,,Unclear,Matbl,PT,1.723551219,0.975908458,2.47119398,ROM,,RCT,Pertussis Antibodies: Maternal Blood at Birth,Immunogenicity,RCT,Unclear,69,Pertussis Antibodies: Maternal Blood at Birth (Immunogenicity) - RCT - PT,,5.604395604,2.653576781,11.83657105,,,,,,,
Furuta 2017 (effectiveness outcomes) / listed under Vygen-Bonnet 2020,Hoang 2016,Hoang 2016,Randomized studies,,51,17.3,13,22,,,,47,5.7,4.3,7.6,,,Unclear,Matbl,PT,1.110240327,0.722573576,1.497907078,ROM,,RCT,Pertussis Antibodies: Maternal Blood at Birth,Immunogenicity,RCT,Unclear,69,Pertussis Antibodies: Maternal Blood at Birth (Immunogenicity) - RCT - PT,,3.035087719,2.059727259,4.472319052,,,,,,,
2341,Lima 2019,Lima 2019,Non-randomized studies,,66,118.1,88.7,157.2,,,,101,143.2,120.3,170.3,,,Critical,Matmilk,PT,-0.192710531,-0.527481841,0.142060778,ROM,,NRS,Pertussis Antibodies: Breast Milk,Immunogenicity,Observational,Critical,70,Pertussis Antibodies: Breast Milk (Immunogenicity) - Observational - PT,,0.82472067,0.590089039,1.152646702,,,,,,,
3083,Orije 2021a,Orije 2021a,Non-randomized studies,,64,0.11,0.08,0.14,,,,5,0.03,0.02,0.04,,,Serious,Matmilk,PT,1.299282984,0.853855424,1.744710544,ROM,,NRS,Pertussis Antibodies: Breast Milk,Immunogenicity,Observational,Serious,70,Pertussis Antibodies: Breast Milk (Immunogenicity) - Observational - PT,,3.666666667,2.348684594,5.724244318,,,,,,,
3083,Orije 2021b,Orije 2021b,Non-randomized studies,,28,0.14,0.09,0.21,,,,7,0.05,0.02,0.12,,,Serious,Matmilk,PT,1.029619417,0.038620469,2.020618365,ROM,,NRS,Pertussis Antibodies: Breast Milk,Immunogenicity,Observational,Serious,70,Pertussis Antibodies: Breast Milk (Immunogenicity) - Observational - PT,,2.8,1.039375934,7.542987813,,,,,,,
Furuta 2017,DeSchutter 2015,DeSchutter 2015,Non-randomized studies,,19,0.55,0.31,0.98,,,,9,0.19,0.16,0.23,,,Unclear,Matmilk,PT,1.062894206,0.459475614,1.666312798,ROM,,NRS,Pertussis Antibodies: Breast Milk,Immunogenicity,Observational,Unclear,70,Pertussis Antibodies: Breast Milk (Immunogenicity) - Observational - PT,,2.894736842,1.583243537,5.292616828,,,,,,,
3211,Petousis-Harris 2019,Petousis-Harris 2019,Non-randomized studies,,7660,9.537,9.51731522,9.55668478,0.879,,,53810,9.531,9.523649044,9.538350956,0.87,,Critical,Apgar,,0.006,-0.015012547,0.027012547,MD,,,Apgar Score,Safety - infant,Observational,Critical,,,,0.006,-0.015012547,0.027012547,,,,,,,
3201,Perrett 2020,Perrett 2020,Randomized studies,,341,9.5,9.43631603,9.56368397,0.6,,,346,9.5,9.436777848,9.563222152,0.6,,Low,Apgar,,0,-0.089736774,0.089736774,MD,,,Apgar Score,Safety - infant,RCT,Low,,,,0,-0.089736774,0.089736774,,,,,,,
1868,Jones 2021,Jones 2021,Non-randomized studies,,61,9.82,6.71,14.37,,,,27,5.2,2.94,9.21,,,High,Infbl2,FIM,0.635762497,-0.050502654,1.322027648,ROM,,,Pertussis Antibodies: Infant Blood at 2mo,Immunogenicity,Observational,High,,,,1.888461538,0.950751405,3.751019418,,,,,,,
1550,Haidara 2024,Haidara 2024,Randomized studies,,114,9.5,7.1,12.7,,,,59,6.9,4.5,10.4,,,Low,Infbl2,FIM,0.319770387,-0.190116738,0.829657512,ROM,,,Pertussis Antibodies: Infant Blood at 2mo,Immunogenicity,RCT,Low,,,,1.376811594,0.826862602,2.292533441,,,,,,,
1550,Haidara 2024,Haidara 2024,Randomized studies,,63,274.3,191.7,392.6,,,,32,465.6,316.7,684.6,,,Low,Infbl5,FIM,-0.529104498,-1.055446439,-0.002762557,ROM,,,Pertussis Antibodies: Infant Blood at 5mo,Immunogenicity,RCT,Low,,,,0.589132302,0.348037015,0.997241255,,,,,,,
