"id_meta","domain","analysis_label","study","is_meta","is_rct","study_design","outcome","population","rr","rr_lower","rr_upper","tau_sq","p","i_sq","effect_measure","rr_order","rr_lower_order","rr_upper_order","rob","rob_original","ab","ab_abbrev","ab_footnote","n_events_vax","n_vax","mean_vax","lower_vax","upper_vax","sd_vax","se_vax","n_events_unvax","n_unvax","mean_unvax","lower_unvax","upper_unvax","sd_unvax","se_unvax","te","lower","upper","notes"
1,"Effectiveness","Pertussis infection (infant) - Observational studies (unadjusted)","Chong 2022",0,0,"Observational (unadjusted)","Pertussis infection (infant)","Infant",0.081081081,0.005450862,1.20607382,,,,,1,1,3,"Critical","Critical",,,,0,8,,,,,,18,25,,,,,,,,,
1,"Effectiveness","Pertussis infection (infant) - Observational studies (unadjusted)","Hincapie Palacio 2018",0,0,"Observational (unadjusted)","Pertussis infection (infant)","Infant",1.747149564,0.084149977,36.27489534,,,,,5,2,5,"Critical","Critical",,,,2,745,,,,,,0,260,,,,,,,,,
1,"Effectiveness","Pertussis infection (infant) - Observational studies (unadjusted)","Khodr 2017",0,0,"Observational (unadjusted)","Pertussis infection (infant)","Infant",1.168953645,0.153737564,8.888215657,,,,,4,3,4,"Critical","Critical",,,,1,5726,,,,,,14,93708,,,,,,,,,
1,"Effectiveness","Pertussis infection (infant) - Observational studies (unadjusted)","Skoff 2024",0,0,"Observational (unadjusted)","Pertussis infection (infant)","Infant",0.656016097,0.468218925,0.919136531,,,,,2,4,1,"Critical","Critical",,,,33,175,,,,,,142,494,,,,,,,,,"Removed a: Vaccination before pregnancy; kept b: Vaccination during pregnancy"
1,"Effectiveness","Pertussis infection (infant) - Observational studies (unadjusted)","Winter 2017",0,0,"Observational (unadjusted)","Pertussis infection (infant)","Infant",0.987987988,0.934783185,1.044221035,,,,,3,5,2,"Critical","Critical",,,,36,37,,,,,,324,329,,,,,,,,,
2,"Safety - infant","Congenital abnormalities - Observational studies (unadjusted)","Kerr 2020",0,0,"Observational (unadjusted)","Congenital abnormalities","Infant",,,,,,,,3,3,3,"Critical","Critical",,,,332,909,,,,,,12432,4822,,,,,,,,,
2,"Safety - infant","Congenital abnormalities - Observational studies (unadjusted)","Sancovski 2019",0,0,"Observational (unadjusted)","Congenital abnormalities","Infant",0.253473068,0.096309411,0.667106108,,,,,1,1,1,"Critical","Critical",,,,5,1119,,,,,,22,1248,,,,,,,,,
2,"Safety - infant","Congenital abnormalities - Observational studies (unadjusted)","Maertens 2016",0,0,"Observational (unadjusted)","Congenital abnormalities","Infant",,,,,,,,4,4,4,"Critical","Critical",,,,0,57,,,,,,0,42,,,,,,,,,
2,"Safety - infant","Congenital abnormalities - Observational studies (unadjusted)","Morgan 2015",0,0,"Observational (unadjusted)","Congenital abnormalities","Infant",0.884787472,0.281842816,2.777608036,,,,,2,2,2,"Critical","Critical",,,,84,7152,,,,,,3,226,,,,,,,,,
3,"Safety - infant","Congenital abnormalities - RCTs","Haidara 2024",0,1,"RCT","Congenital abnormalities","Infant",4.731225296,0.258595685,86.56174137,,,,,3,2,3,"Low","Low",,,,4,126,,,,,,0,66,,,,,,,,,
3,"Safety - infant","Congenital abnormalities - RCTs","Perrett 2022",0,1,"RCT","Congenital abnormalities","Infant",1.141495601,0.445644932,2.923879786,,,,,2,3,2,"Low","Low",,,,9,341,,,,,,8,346,,,,,,,,,
3,"Safety - infant","Congenital abnormalities - RCTs","Hoang 2016",0,1,"RCT","Congenital abnormalities","Infant",,,,,,,,4,4,4,"High","High",,,,0,52,,,,,,0,48,,,,,,,,,
3,"Safety - infant","Congenital abnormalities - RCTs","Munoz 2014",0,1,"RCT","Congenital abnormalities","Infant",0.227272727,0.022298936,2.316383723,,,,,1,1,1,"Low","Low",,,,1,33,,,,,,2,15,,,,,,,,,
4,"Safety - infant","Low birth weight - Observational studies (unadjusted)","Winter 2017",0,0,"Observational (unadjusted)","Low birth weight","Infant",1.006578947,0.240685447,4.20964869,,,,,1,1,2,"Critical","Critical",,,,2,38,,,,,,16,306,,,,,,,,,
4,"Safety - infant","Low birth weight - Observational studies (unadjusted)","Donegan 2014",0,0,"Observational (unadjusted)","Low birth weight","Infant",1.213337943,0.988471941,1.489358375,,,,,2,2,1,"Critical","Critical",,,,126,6185,,,,,,311,18523,,,,,,,,,
5,"Safety - infant","Neonatal mortality - Observational studies (unadjusted)","Hincapie Palacio 2018",0,0,"Observational (unadjusted)","Neonatal mortality","Infant",0.872483221,0.170302866,4.469842413,,,,,4,4,3,"Critical","Critical",,,,5,745,,,,,,2,260,,,,,,,,,
5,"Safety - infant","Neonatal mortality - Observational studies (unadjusted)","Sancovski 2019",0,0,"Observational (unadjusted)","Neonatal mortality","Infant",0.065601765,0.003790602,1.135331975,,,,,1,1,1,"Critical","Critical",,,,0,1119,,,,,,8,1248,,,,,,,,,
5,"Safety - infant","Neonatal mortality - Observational studies (unadjusted)","Winter 2017",0,0,"Observational (unadjusted)","Neonatal mortality","Infant",0.577311577,0.033023416,10.09249497,,,,,3,3,5,"Critical","Critical",,,,0,49,,,,,,6,371,,,,,,,,,
5,"Safety - infant","Neonatal mortality - Observational studies (unadjusted)","Donegan 2014",0,0,"Observational (unadjusted)","Neonatal mortality","Infant",0.998275397,0.201533328,4.944858403,,,,,5,5,4,"Critical","Critical",,,,2,6185,,,,,,6,18523,,,,,,,,,
5,"Safety - infant","Neonatal mortality - Observational studies (unadjusted)","Morgan 2015",0,0,"Observational (unadjusted)","Neonatal mortality","Infant",0.158336246,0.007623112,3.288731358,,,,,2,2,2,"Critical","Critical",,,,2,7152,,,,,,0,226,,,,,,,,,
7,"Safety - infant","Small for gestational age - Observational studies (unadjusted)","Berenson 2016",0,0,"Observational (unadjusted)","Small for gestational age","Infant",0.869716978,0.55731293,1.357240398,,,,,2,1,2,"Critical","Critical",,,,46,1109,,,,,,31,650,,,,,,,,,
7,"Safety - infant","Small for gestational age - Observational studies (unadjusted)","Immink 2023",0,0,"Observational (unadjusted)","Small for gestational age","Infant",0.76025044,0.568325175,1.016989494,,,,,1,2,1,"Critical","Critical",,,,51,685,,,,,,232,2369,,,,,,,,,
7,"Safety - infant","Small for gestational age - Observational studies (unadjusted)","Sancovski 2019",0,0,"Observational (unadjusted)","Small for gestational age","Infant",1.241200381,0.889339898,1.732271754,,,,,3,3,3,"Critical","Critical",,,,69,1119,,,,,,62,1248,,,,,,,,,
8,"Safety - maternal","Fever (maternal) - Observational studies (unadjusted)","Glover 2020",0,0,"Observational (unadjusted)","Fever (maternal)","Maternal",1.06213543,0.637543387,1.769497879,,,,,1,3,1,"Critical","Critical",,,,44,7886,,,,,,22,4188,,,,,,,,,
8,"Safety - maternal","Fever (maternal) - Observational studies (unadjusted)","Nguyen 2025",0,0,"Observational (unadjusted)","Fever (maternal)","Maternal",2.177935943,0.228174773,20.78847238,,,,,2,2,3,"Critical","Critical",,,,3,281,,,,,,1,204,,,,,,,,,
8,"Safety - maternal","Fever (maternal) - Observational studies (unadjusted)","Kharbanda 2016",0,0,"Observational (unadjusted)","Fever (maternal)","Maternal",5.071627518,1.967862781,13.07073132,,,,,4,4,2,"Critical","Critical",,,,15,53855,,,,,,6,109253,,,,,,,,,
8,"Safety - maternal","Fever (maternal) - Observational studies (unadjusted)","Maertens 2016",0,0,"Observational (unadjusted)","Fever (maternal)","Maternal",2.217391304,0.092579949,53.10895348,,,,,3,1,4,"Critical","Critical",,,,1,57,,,,,,0,42,,,,,,,,,
9,"Safety - maternal","Fever (maternal) - RCTs","Perrett 2020",0,1,"RCT","Fever (maternal)","Maternal",1.352883675,0.305060135,5.999781776,,,,,1,3,1,"Low","Low",,,,4,341,,,,,,3,346,,,,,,,,,
9,"Safety - maternal","Fever (maternal) - RCTs","Sompagdee 2020",0,1,"RCT","Fever (maternal)","Maternal",,,,,,,,4,4,4,"High","High",,,,0,87,,,,,,0,13,,,,,,,,,"Summed the exposed numbers; a: Seronegativity with Tdap; b: Seropositivity with Tdap"
9,"Safety - maternal","Fever (maternal) - RCTs","Hoang 2016",0,1,"RCT","Fever (maternal)","Maternal",2.771428571,0.11562422,66.42912993,,,,,3,2,3,"High","High",,,,1,52,,,,,,0,48,,,,,,,,,
9,"Safety - maternal","Fever (maternal) - RCTs","Munoz 2014",0,1,"RCT","Fever (maternal)","Maternal",1.388059701,0.059867726,32.18277812,,,,,2,1,2,"Low","Low",,,,1,33,,,,,,0,15,,,,,,,,,
10,"Safety - maternal","Gestational diabetes - Observational studies (unadjusted)","Becerra-Culqui 2018",0,0,"Observational (unadjusted)","Gestational diabetes","Maternal",1.051870594,1.01884162,1.085970305,,,,,2,2,2,"Critical","Critical",,,,6238,39077,,,,,,6513,42916,,,,,,,,,
10,"Safety - maternal","Gestational diabetes - Observational studies (unadjusted)","Sancovski 2019",0,0,"Observational (unadjusted)","Gestational diabetes","Maternal",0.506946137,0.241111174,1.065875054,,,,,1,1,1,"Critical","Critical",,,,10,1119,,,,,,22,1248,,,,,,,,,
11,"Safety - maternal","Gestational diabetes - RCTs","Barug 2019",0,1,"RCT","Gestational diabetes","Maternal",0.344729345,0.01432971,8.29314229,,,,,1,1,2,"Low","Low",,,,0,58,,,,,,1,60,,,,,,,,,
11,"Safety - maternal","Gestational diabetes - RCTs","Perrett 2020",0,1,"RCT","Gestational diabetes","Maternal",,,,,,,,3,3,3,"Low","Low",,,,0,341,,,,,,0,346,,,,,,,,,
11,"Safety - maternal","Gestational diabetes - RCTs","Sompagdee 2020",0,1,"RCT","Gestational diabetes","Maternal",0.597701149,0.19444457,1.837267372,,,,,2,2,1,"Some concerns","Some concerns",,,,12,87,,,,,,3,13,,,,,,,,,
12,"Safety - maternal","Preeclampsia/eclampsia - Observational studies (unadjusted)","Becerra-Culqui 2018",0,0,"Observational (unadjusted)","Preeclampsia/eclampsia","Maternal",0.981041954,0.936801682,1.027371464,,,,,2,4,2,"Critical","Critical",,,,3139,39077,,,,,,3514,42916,,,,,,,,,
12,"Safety - maternal","Preeclampsia/eclampsia - Observational studies (unadjusted)","Sancovski 2019",0,0,"Observational (unadjusted)","Preeclampsia/eclampsia","Maternal",0.41373346,0.258151913,0.663080022,,,,,1,1,1,"Critical","Critical",,,,23,1119,,,,,,62,1248,,,,,,,,,
12,"Safety - maternal","Preeclampsia/eclampsia - Observational studies (unadjusted)","Donegan 2014",0,0,"Observational (unadjusted)","Preeclampsia/eclampsia","Maternal",1.220114375,0.743817298,2.001404232,,,,,3,3,3,"Critical","Critical",,,,22,6185,,,,,,54,18523,,,,,,,,,
12,"Safety - maternal","Preeclampsia/eclampsia - Observational studies (unadjusted)","Maertens 2016",0,0,"Observational (unadjusted)","Preeclampsia/eclampsia","Maternal",2.210526316,0.469224609,10.41383274,,,,,4,2,4,"Critical","Critical",,,,6,57,,,,,,2,42,,,,,,,,,
13,"Safety - maternal","Preeclampsia/eclampsia - RCTs","Barug 2019",0,1,"RCT","Preeclampsia/eclampsia","Maternal",1.034482759,0.06624737,16.15391784,,,,,4,2,4,"Low","Low",,,,1,58,,,,,,1,60,,,,,,,,,
13,"Safety - maternal","Preeclampsia/eclampsia - RCTs","Haidara 2024",0,1,"RCT","Preeclampsia/eclampsia","Maternal",0.503759398,0.072545857,3.498111961,,,,,1,3,2,"Low","Low",,,,2,133,,,,,,2,67,,,,,,,,,
13,"Safety - maternal","Preeclampsia/eclampsia - RCTs","Perrett 2020",0,1,"RCT","Preeclampsia/eclampsia","Maternal",0.507331378,0.175229652,1.4688446,,,,,2,5,1,"Low","Low",,,,5,341,,,,,,10,346,,,,,,,,,
13,"Safety - maternal","Preeclampsia/eclampsia - RCTs","Sompagdee 2020",0,1,"RCT","Preeclampsia/eclampsia","Maternal",1.388571429,0.079122429,24.36895136,,,,,5,4,5,"Some concerns","Some concerns",,,,4,87,,,,,,0,13,,,,,,,,,
13,"Safety - maternal","Preeclampsia/eclampsia - RCTs","Halperin 2018",0,1,"RCT","Preeclampsia/eclampsia","Maternal",0.514925373,0.047243767,5.612341178,,,,,3,1,3,"Moderate","Moderate",,,,1,134,,,,,,2,138,,,,,,,,,
14,"Safety - maternal","Other adverse events - Observational studies (unadjusted)","Berenson 2016",0,0,"Observational (unadjusted)","Other adverse events","Maternal",1.055004509,0.355086117,3.134548095,,,,,2,2,5,"Critical","Critical",,,,9,1109,,,,,,5,650,,,,,,,,,
14,"Safety - maternal","Other adverse events - Observational studies (unadjusted)","Glover 2020",0,0,"Observational (unadjusted)","Other adverse events","Maternal",1.331796757,1.190831523,1.489448815,,,,,4,4,2,"Critical","Critical",,,,968,7886,,,,,,386,4188,,,,,,,,,
14,"Safety - maternal","Other adverse events - Observational studies (unadjusted)","Hall 2020",0,0,"Observational (unadjusted)","Other adverse events","Maternal",1.602671426,1.452774132,1.76803513,,,,,5,5,3,"Critical","Critical",,,,433,10710,,,,,,3316,131450,,,,,,,,,
14,"Safety - maternal","Other adverse events - Observational studies (unadjusted)","Jones 2021",0,0,"Observational (unadjusted)","Other adverse events","Maternal",0.11827957,0.004963388,2.818650617,,,,,1,1,4,"Critical","Critical",,,,0,77,,,,,,1,27,,,,,,,,,
14,"Safety - maternal","Other adverse events - Observational studies (unadjusted)","Nguyen 2025",0,0,"Observational (unadjusted)","Other adverse events","Maternal",1.094729707,0.956552611,1.252866928,,,,,3,3,1,"Critical","Critical",,,,190,281,,,,,,126,204,,,,,,,,,
15,"Safety - maternal","Other adverse events - RCTs","Haidara 2024",0,1,"RCT","Other adverse events","Maternal",0.617511521,0.425448817,0.89627815,,,,,1,1,1,"Low","Low",,,,38,133,,,,,,31,67,,,,,,,,,
15,"Safety - maternal","Other adverse events - RCTs","Perrett 2020",0,1,"RCT","Other adverse events","Maternal",,,,,,,,4,4,4,"Low","Low",,,,758,341,,,,,,360,346,,,,,,,,,
15,"Safety - maternal","Other adverse events - RCTs","VillarrealPerez 2017",0,1,"RCT","Other adverse events","Maternal",1.092857143,0.732493891,1.630507433,,,,,3,3,3,"Some concerns","Some concerns",,,,34,90,,,,,,28,81,,,,,,,,,
15,"Safety - maternal","Other adverse events - RCTs","Hoang 2016",0,1,"RCT","Other adverse events","Maternal",1.02534965,0.661233482,1.589970765,,,,,2,2,2,"High","High",,,,23,52,,,,,,22,51,,,,,,,,,
16,"Safety - maternal","Other pregnancy-related adverse events - RCTs","Barug 2019",0,1,"RCT","Other pregnancy-related adverse events","Maternal",1.724137931,0.431535554,6.888543893,,,,,3,4,2,"Low","Low",,,,5,58,,,,,,3,60,,,,,,,,,
16,"Safety - maternal","Other pregnancy-related adverse events - RCTs","Haidara 2024",0,1,"RCT","Other pregnancy-related adverse events","Maternal",5.561797753,0.31212435,99.10663562,,,,,5,3,5,"Low","Low",,,,5,133,,,,,,0,67,,,,,,,,,
16,"Safety - maternal","Other pregnancy-related adverse events - RCTs","Perrett 2020",0,1,"RCT","Other pregnancy-related adverse events","Maternal",0.904373327,0.610173006,1.340424939,,,,,1,5,1,"Low","Low",,,,41,341,,,,,,46,346,,,,,,,,,
16,"Safety - maternal","Other pregnancy-related adverse events - RCTs","Sompagdee 2020",0,1,"RCT","Other pregnancy-related adverse events","Maternal",1.388571429,0.079122429,24.36895136,,,,,2,1,4,"Some concerns","Some concerns",,,,4,87,,,,,,0,13,,,,,,,,,
16,"Safety - maternal","Other pregnancy-related adverse events - RCTs","Hoang 2016",0,1,"RCT","Other pregnancy-related adverse events","Maternal",1.961538462,0.183509347,20.96696001,,,,,4,2,3,"High","High",,,,2,52,,,,,,1,51,,,,,,,,,
17,"Safety - maternal","Other placental conditions (non-chorioamnionitis) - Observational studies (unadjusted)","Becerra-Culqui 2018",0,0,"Observational (unadjusted)","Other placental conditions (non-chorioamnionitis)","Maternal",1.014600991,0.959453068,1.072918733,,,,,1,2,1,"Critical","Critical",,,,2232,39077,,,,,,2416,42916,,,,,,,,,
17,"Safety - maternal","Other placental conditions (non-chorioamnionitis) - Observational studies (unadjusted)","Berenson 2016",0,0,"Observational (unadjusted)","Other placental conditions (non-chorioamnionitis)","Maternal",1.110531062,0.642459355,1.919622197,,,,,2,1,2,"Critical","Critical",,,,36,1109,,,,,,19,650,,,,,,,,,
18,"Safety - maternal","Other placental conditions (non-chorioamnionitis) - RCTs","Barug 2019",0,1,"RCT","Other placental conditions (non-chorioamnionitis)","Maternal",9.307692308,0.512340315,169.0929517,,,,,2,2,2,"Low","Low",,,,4,58,,,,,,0,60,,,,,,,,,
18,"Safety - maternal","Other placental conditions (non-chorioamnionitis) - RCTs","Haidara 2024",0,1,"RCT","Other placental conditions (non-chorioamnionitis)","Maternal",0.07223114,0.003785295,1.378317285,,,,,1,1,1,"Low","Low",,,,0,133,,,,,,3,67,,,,,,,,,
19,"Safety - maternal","Preterm birth - Observational studies (unadjusted)","Becerra-Culqui 2018",0,0,"Observational (unadjusted)","Preterm birth","Maternal",0.636723922,0.605504221,0.669553306,,,,,4,5,2,"Critical","Critical",,,,2235,39077,,,,,,3855,42916,,,,,,,,,
19,"Safety - maternal","Preterm birth - Observational studies (unadjusted)","Becerra-Culqui 2020",0,0,"Observational (unadjusted)","Preterm birth","Maternal",0.641872115,0.611127571,0.674163352,,,,,5,6,3,"Critical","Critical",,,,2392,41781,,,,,,3909,43826,,,,,,,,,
19,"Safety - maternal","Preterm birth - Observational studies (unadjusted)","Immink 2023",0,0,"Observational (unadjusted)","Preterm birth","Maternal",1.349120083,1.026289018,1.773501387,,,,,8,8,7,"Critical","Critical",,,,65,690,,,,,,168,2406,,,,,,,,,"Both were labeled as Immink 2023a, assuming same group; a - Vaccinated 20-24w GA"
19,"Safety - maternal","Preterm birth - Observational studies (unadjusted)","VandenBosch 2026",0,0,"Observational (unadjusted)","Preterm birth","Maternal",0.75191762,0.591529946,0.955792874,,,,,6,4,6,"Critical","Critical",,,,178,2375,,,,,,92,923,,,,,,,,,
19,"Safety - maternal","Preterm birth - Observational studies (unadjusted)","Winter 2017",0,0,"Observational (unadjusted)","Preterm birth","Maternal",0.361244019,0.05010414,2.604520159,,,,,1,1,8,"Critical","Critical",,,,1,38,,,,,,22,302,,,,,,,,,
19,"Safety - maternal","Preterm birth - Observational studies (unadjusted)","DeSilva 2017",0,0,"Observational (unadjusted)","Preterm birth","Maternal",0.532622685,0.481162222,0.589586862,,,,,3,3,1,"Serious","Serious",,,,426,45008,,,,,,2711,152556,,,,,,,,,
19,"Safety - maternal","Preterm birth - Observational studies (unadjusted)","Morgan 2015",0,0,"Observational (unadjusted)","Preterm birth","Maternal",0.499741072,0.346672813,0.720394361,,,,,2,2,4,"Critical","Critical",,,,427,7152,,,,,,27,226,,,,,,,,,
19,"Safety - maternal","Preterm birth - Observational studies (unadjusted)","Layton 2017",0,0,"Observational (unadjusted)","Preterm birth","Maternal",0.76462,0.748285261,0.781311318,,,,,7,7,5,"Critical","Critical",,,,8747,148817,,,,,,66968,871177,,,,,,,,,"<27GW at vaccination + >= 27GW at vaccination for exposed groups"
20,"Safety - maternal","Preterm birth - RCTs","Haidara 2024",0,1,"RCT","Preterm birth","Maternal",1.007518797,0.314652318,3.226081834,,,,,3,5,3,"Low","Low",,,,8,133,,,,,,4,67,,,,,,,,,
20,"Safety - maternal","Preterm birth - RCTs","Perrett 2020",0,1,"RCT","Preterm birth","Maternal",1.240143369,0.520513726,2.954687841,,,,,4,7,2,"Low","Low",,,,11,341,,,,,,9,346,,,,,,,,,
20,"Safety - maternal","Preterm birth - RCTs","Sompagdee 2020",0,1,"RCT","Preterm birth","Maternal",1.388571429,0.079122429,24.36895136,,,,,6,2,7,"Some concerns","Some concerns",,,,4,87,,,,,,0,13,,,,,,,,,
20,"Safety - maternal","Preterm birth - RCTs","Hoang 2016",0,1,"RCT","Preterm birth","Maternal",0.326984127,0.013631901,7.843265249,,,,,1,1,4,"High","High",,,,0,52,,,,,,1,51,,,,,,,,,
20,"Safety - maternal","Preterm birth - RCTs","Halperin 2018",0,1,"RCT","Preterm birth","Maternal",2.059701493,0.188975069,22.44936471,,,,,7,4,6,"Moderate","Moderate",,,,2,134,,,,,,1,138,,,,,,,,,
20,"Safety - maternal","Preterm birth - RCTs","Munoz 2014",0,1,"RCT","Preterm birth","Maternal",1.363636364,0.154246067,12.0554395,,,,,5,3,5,"Low","Low",,,,3,33,,,,,,1,15,,,,,,,,,
20,"Safety - maternal","Preterm birth - RCTs","Shakib 2013",0,1,"RCT","Preterm birth","Maternal",0.793401414,0.379204373,1.66001726,,,,,2,6,1,"Serious","Serious",,,,8,134,,,,,,38,505,,,,,,,,,
21,"Safety - maternal","Severe adverse events - Observational studies (unadjusted)","Jones 2021",0,0,"Observational (unadjusted)","Severe adverse events","Maternal",,,,,,,,3,3,3,"Critical","Critical",,,,0,77,,,,,,0,27,,,,,,,,,
21,"Safety - maternal","Severe adverse events - Observational studies (unadjusted)","Nguyen 2025",0,0,"Observational (unadjusted)","Severe adverse events","Maternal",5.081850534,1.167732953,22.11567703,,,,,2,2,1,"Critical","Critical",,,,14,281,,,,,,2,204,,,,,,,,,
21,"Safety - maternal","Severe adverse events - Observational studies (unadjusted)","Sancovski 2019",0,0,"Observational (unadjusted)","Severe adverse events","Maternal",,,,,,,,4,4,4,"Critical","Critical",,,,0,1119,,,,,,0,1248,,,,,,,,,
21,"Safety - maternal","Severe adverse events - Observational studies (unadjusted)","Tseng 2022",0,0,"Observational (unadjusted)","Severe adverse events","Maternal",5,0.240050768,104.1446366,,,,,1,1,2,"Critical","Critical",,,,2,16606,,,,,,0,16606,,,,,,,,,"Maternal death"
22,"Safety - maternal","Severe adverse events - RCTs","Haidara 2024",0,1,"RCT","Severe adverse events","Maternal",1.108270677,0.55731386,2.203899777,,,,,2,2,2,"Low","Low",,,,22,133,,,,,,10,67,,,,,,,,,
22,"Safety - maternal","Severe adverse events - RCTs","Perrett 2020",0,1,"RCT","Severe adverse events","Maternal",0.927691663,0.684371858,1.257520764,,,,,1,3,1,"Low","Low",,,,64,341,,,,,,70,346,,,,,,,,,
22,"Safety - maternal","Severe adverse events - RCTs","Hoang 2016",0,1,"RCT","Severe adverse events","Maternal",2.942857143,0.122687113,70.58938724,,,,,3,1,3,"High","High",,,,1,52,,,,,,0,51,,,,,,,,,
23,"Safety - maternal","Stillbirth - Observational studies (unadjusted)","Berenson 2016",0,0,"Observational (unadjusted)","Stillbirth","Maternal",0.195433378,0.007972648,4.790654654,,,,,2,1,3,"Critical","Critical",,,,0,1109,,,,,,1,650,,,,,,,,,
23,"Safety - maternal","Stillbirth - Observational studies (unadjusted)","Sancovski 2019",0,0,"Observational (unadjusted)","Stillbirth","Maternal",0.18588025,0.022412057,1.541646423,,,,,1,2,1,"Critical","Critical",,,,1,1119,,,,,,6,1248,,,,,,,,,
23,"Safety - maternal","Stillbirth - Observational studies (unadjusted)","Donegan 2014",0,0,"Observational (unadjusted)","Stillbirth","Maternal",0.714285714,0.226756086,2.250012741,,,,,3,4,2,"Critical","Critical",,,,5,13371,,,,,,7,13371,,,,,,,,,
23,"Safety - maternal","Stillbirth - Observational studies (unadjusted)","Morgan 2015",0,0,"Observational (unadjusted)","Stillbirth","Maternal",0.789988814,0.107511132,5.80481586,,,,,4,3,4,"Critical","Critical",,,,25,7152,,,,,,1,226,,,,,,,,,
24,"Safety - maternal","Stillbirth - RCTs","Haidara 2024",0,1,"RCT","Stillbirth","Maternal",2.015037594,0.22970797,17.67625434,,,,,3,3,3,"Low","Low",,,,4,133,,,,,,1,67,,,,,,,,,
24,"Safety - maternal","Stillbirth - RCTs","Perrett 2020",0,1,"RCT","Stillbirth","Maternal",,,,,,,,4,4,4,"Low","Low",,,,0,341,,,,,,0,346,,,,,,,,,
24,"Safety - maternal","Stillbirth - RCTs","Sompagdee 2020",0,1,"RCT","Stillbirth","Maternal",,,,,,,,5,5,5,"Some concerns","Some concerns",,,,0,87,,,,,,0,13,,,,,,,,,
24,"Safety - maternal","Stillbirth - RCTs","Hoang 2016",0,1,"RCT","Stillbirth","Maternal",0.326984127,0.013631901,7.843265249,,,,,1,1,2,"High","High",,,,0,52,,,,,,1,51,,,,,,,,,
24,"Safety - maternal","Stillbirth - RCTs","Shakib 2013",0,1,"RCT","Stillbirth","Maternal",0.362651789,0.020172669,6.519530114,,,,,2,2,1,"Serious","Serious",,,,0,138,,,,,,5,552,,,,,,,,,
25,"Effectiveness","Pertussis complications (infant) - Observational studies (adjusted)","Kildegaard 2025",0,0,"Observational (adjusted)","Pertussis complications (infant)","Infant",0.34,0.15,0.77,,,,"RR",5,5,3,"Moderate","Moderate",,,,,108350,,,,,,,107624,,,,,,0.34,0.15,0.77,
25,"Effectiveness","Pertussis complications (infant) - Observational studies (adjusted)","Morabito 2026",0,0,"Observational (adjusted)","Pertussis complications (infant)","Infant",0.11,0.02,0.88,,,,"HR",3,3,5,"Low","Low",,,,,53448,,,,,,,53448,,,,,,0.11,0.02,0.88,
25,"Effectiveness","Pertussis complications (infant) - Observational studies (adjusted)","Winter 2017",0,0,"Observational (adjusted)","Pertussis complications (infant)","Infant",0.42,0.2,0.85,,,,"OR",6,6,4,"Serious","Serious",,,,,49,,,,,,,371,,,,,,0.42,0.2,0.85,
25,"Effectiveness","Pertussis complications (infant) - Observational studies (adjusted)","Mbayei 2019",0,0,"Observational (adjusted)","Pertussis complications (infant)","Infant",0.51,0.28,0.93,,,,"RR",7,7,6,"Moderate","Moderate",,,,11,25,,,,,,49,71,,,,,,0.51,0.28,0.93,
25,"Effectiveness","Pertussis complications (infant) - Observational studies (adjusted)","Becker-Dreps 2018",0,0,"Observational (adjusted)","Pertussis complications (infant)","Infant",0.34,0.08,1.5,,,,"HR",4,4,7,"Serious","Serious",,,,4,90445,,,,,,76,542380,,,,,,0.34,0.08,1.5,"SOURCE: Adjusted data only; no matching unadjusted binary row found"
25,"Effectiveness","Pertussis complications (infant) - Observational studies (adjusted)","Saul 2017",0,0,"Observational (adjusted)","Pertussis complications (infant)","Infant",0.06,0.01,0.41,,,,"OR",1,1,1,"Moderate","Moderate",,,,0,124,,,,,,37,110,,,,,,0.06,0.01,0.41,"SOURCE: Adjusted data only; no matching unadjusted binary row found"
25,"Effectiveness","Pertussis complications (infant) - Observational studies (adjusted)","Skoff 2017",0,0,"Observational (adjusted)","Pertussis complications (infant)","Infant",0.09,0.01,0.75,,,,"OR",2,2,2,"Serious","Serious",,,,0,139,,,,,,157,636,,,,,,0.09,0.01,0.75,"SOURCE: Adjusted data only; no matching unadjusted binary row found"
26,"Effectiveness","Pertussis infection (infant) - Observational studies (adjusted)","Fernandes 2019",0,0,"Observational (adjusted)","Pertussis infection (infant)","Infant",0.193,0.084,0.441,,,,"OR",7,7,4,"Moderate","Moderate",,,,,151,,,,,,,140,,,,,,0.193,0.084,0.441,
26,"Effectiveness","Pertussis infection (infant) - Observational studies (adjusted)","Hsiao 2025",0,0,"Observational (adjusted)","Pertussis infection (infant)","Infant",0.04,0.004,0.354,,,,"HR",1,1,2,"Moderate","Moderate",,,,,170799,,,,,,,88304,,,,,,0.04,0.004,0.354,
26,"Effectiveness","Pertussis infection (infant) - Observational studies (adjusted)","Juscamayta-López 2023",0,0,"Observational (adjusted)","Pertussis infection (infant)","Infant",0.19,0.04,0.86,,,,"OR",5,5,9,"Low","Low",,,,2,27,,,,,,48,173,,,,,,0.19,0.04,0.86,
26,"Effectiveness","Pertussis infection (infant) - Observational studies (adjusted)","Kildegaard 2025",0,0,"Observational (adjusted)","Pertussis infection (infant)","Infant",0.3,0.14,0.64,,,,"RR",9,10,7,"Moderate","Moderate",,,,,108350,,,,,,,107624,,,,,,0.3,0.14,0.64,
26,"Effectiveness","Pertussis infection (infant) - Observational studies (adjusted)","Mott 2021a",0,0,"Observational (adjusted)","Pertussis infection (infant)","Infant",0.74,0.42,1.29,,,,"HR",13,14,12,"Moderate","Moderate",,,,,114067,,,,,,,311156,,,,,,0.74,0.42,1.29,
26,"Effectiveness","Pertussis infection (infant) - Observational studies (adjusted)","Mott 2021b",0,0,"Observational (adjusted)","Pertussis infection (infant)","Infant",0.5,0.24,1.04,,,,"HR",11,12,11,"Moderate","Moderate",,,,,33286,,,,,,,638155,,,,,,0.5,0.24,1.04,
26,"Effectiveness","Pertussis infection (infant) - Observational studies (adjusted)","Nascimento 2021",0,0,"Observational (adjusted)","Pertussis infection (infant)","Infant",0.81,0.4,1.64,,,,"OR",14,13,14,"Low","Low",,,,,191,,,,,,,76,,,,,,0.81,0.4,1.64,
26,"Effectiveness","Pertussis infection (infant) - Observational studies (adjusted)","Romanin 2020",0,0,"Observational (adjusted)","Pertussis infection (infant)","Infant",0.19,0.08,0.48,,,,"OR",6,6,5,"Low","Low",,,,,269,,,,,,,102,,,,,,0.19,0.08,0.48,
26,"Effectiveness","Pertussis infection (infant) - Observational studies (adjusted)","Baxter 2017",0,0,"Observational (adjusted)","Pertussis infection (infant)","Infant",0.09,0.01,0.8,,,,"RR",3,2,8,"Moderate","Moderate",,,,1,68168,,,,,,16,80813,,,,,,0.09,0.01,0.8,"SOURCE: Adjusted data only; no matching unadjusted binary row found"
26,"Effectiveness","Pertussis infection (infant) - Observational studies (adjusted)","Becker-Dreps 2018",0,0,"Observational (adjusted)","Pertussis infection (infant)","Infant",0.54,0.19,1.59,,,,"HR",12,11,13,"Serious","Serious",,,,7,90445,,,,,,105,542380,,,,,,0.54,0.19,1.59,"SOURCE: Adjusted data only; no matching unadjusted binary row found"
26,"Effectiveness","Pertussis infection (infant) - Observational studies (adjusted)","Bellido-Blasco 2017",0,0,"Observational (adjusted)","Pertussis infection (infant)","Infant",0.09,0.02,0.43,,,,"OR",4,3,3,"Moderate","Moderate",,,,5,46,,,,,,7,42,,,,,,0.09,0.02,0.43,"SOURCE: Adjusted data only; no matching unadjusted binary row found"
26,"Effectiveness","Pertussis infection (infant) - Observational studies (adjusted)","Dabrera 2015",0,0,"Observational (adjusted)","Pertussis infection (infant)","Infant",0.07,0.03,0.19,,,,"OR",2,4,1,"Serious","Serious",,,,10,49,,,,,,48,64,,,,,,0.07,0.03,0.19,"SOURCE: Adjusted data only; no matching unadjusted binary row found"
26,"Effectiveness","Pertussis infection (infant) - Observational studies (adjusted)","Saul 2017",0,0,"Observational (adjusted)","Pertussis infection (infant)","Infant",0.31,0.11,0.87,,,,"OR",10,9,10,"Moderate","Moderate",,,,52,124,,,,,,65,110,,,,,,0.31,0.11,0.87,"SOURCE: Adjusted data only; no matching unadjusted binary row found"
26,"Effectiveness","Pertussis infection (infant) - Observational studies (adjusted)","Skoff 2017",0,0,"Observational (adjusted)","Pertussis infection (infant)","Infant",0.22,0.1,0.52,,,,"OR",8,8,6,"Serious","Serious",,,,22,139,,,,,,218,636,,,,,,0.22,0.1,0.52,"SOURCE: Adjusted data only; no matching unadjusted binary row found"
27,"Safety - infant","Congenital abnormalities - Observational studies (adjusted)","Becerra-Culqui 2018",0,0,"Observational (adjusted)","Congenital abnormalities","Infant",0.85,0.77,0.95,,,,"HR",2,2,2,"Moderate","Moderate",,,,,39077,,,,,,,42916,,,,,,0.85,0.77,0.95,
27,"Safety - infant","Congenital abnormalities - Observational studies (adjusted)","Becerra-Culqui 2020",0,0,"Observational (adjusted)","Congenital abnormalities","Infant",1,0.88,1.14,,,,"HR",4,5,3,"Moderate","Moderate",,,,,4178,,,,,,,43826,,,,,,1,0.88,1.14,
27,"Safety - infant","Congenital abnormalities - Observational studies (adjusted)","Hall 2020a",0,0,"Observational (adjusted)","Congenital abnormalities","Infant",1.15,0.82,1.61,,,,"RR",6,3,5,"Low","Low",,,,,984,,,,,,,103729,,,,,,1.15,0.82,1.61,
27,"Safety - infant","Congenital abnormalities - Observational studies (adjusted)","Kildegaard 2025",0,0,"Observational (adjusted)","Congenital abnormalities","Infant",0.89,0.86,0.92,,,,"RR",3,4,1,"Moderate","Moderate",,,,,108350,,,,,,,107624,,,,,,0.89,0.86,0.92,
27,"Safety - infant","Congenital abnormalities - Observational studies (adjusted)","Berenson 2016",0,0,"Observational (adjusted)","Congenital abnormalities","Infant",0.8,0.38,1.67,,,,"OR",1,1,6,"Serious","Serious",,,,18,1109,,,,,,15,650,,,,,,0.8,0.38,1.67,"SOURCE: Adjusted data only; no matching unadjusted binary row found"
27,"Safety - infant","Congenital abnormalities - Observational studies (adjusted)","DeSilva 2016",0,0,"Observational (adjusted)","Congenital abnormalities","Infant",1.09,0.97,1.23,,,,"RR",5,6,4,"Serious","Serious",,,,356,20568,,,,,,1920,120097,,,,,,1.09,0.97,1.23,"SOURCE: Adjusted data only; no matching unadjusted binary row found"
28,"Safety - infant","Low birth weight - Observational studies (adjusted)","Hall 2020b",0,0,"Observational (adjusted)","Low birth weight","Infant",0.69,0.61,0.77,,,,"RR",1,2,1,"Low","Low",,,,,9352,,,,,,,103729,,,,,,0.69,0.61,0.77,
28,"Safety - infant","Low birth weight - Observational studies (adjusted)","Kildegaard 2025",0,0,"Observational (adjusted)","Low birth weight","Infant",0.75,0.7,0.81,,,,"RR",2,4,2,"Moderate","Moderate",,,,,50816,,,,,,,50886,,,,,,0.75,0.7,0.81,
28,"Safety - infant","Low birth weight - Observational studies (adjusted)","Petousis Harris 2019",0,0,"Observational (adjusted)","Low birth weight","Infant",0.784,0.653,0.941,,,,"OR",4,3,3,"Moderate","Moderate",,,,,8299,,,,,,,61090,,,,,,0.784,0.653,0.941,
28,"Safety - infant","Low birth weight - Observational studies (adjusted)","Berenson 2016",0,0,"Observational (adjusted)","Low birth weight","Infant",0.76,0.51,1.14,,,,"OR",3,1,4,"Serious","Serious",,,,63,1109,,,,,,71,650,,,,,,0.76,0.51,1.14,"SOURCE: Adjusted data only; no matching unadjusted binary row found"
29,"Safety - infant","NICU admission - Observational studies (adjusted)","Fakhraei 2021",0,0,"Observational (adjusted)","NICU admission","Infant",0.96,0.9,1.02,,,,"RR",5,5,2,"Moderate","Moderate",,,,,11483,,,,,,,600445,,,,,,0.96,0.9,1.02,
29,"Safety - infant","NICU admission - Observational studies (adjusted)","Kildegaard 2025",0,0,"Observational (adjusted)","NICU admission","Infant",0.55,0.51,0.58,,,,"RR",2,2,1,"Moderate","Moderate",,,,,108350,,,,,,,107624,,,,,,0.55,0.51,0.58,
29,"Safety - infant","NICU admission - Observational studies (adjusted)","Sukumaran 2018",0,0,"Observational (adjusted)","NICU admission","Infant",0.93,0.85,1.03,,,,"OR",4,4,3,"Serious","Serious",,,,,2195,,,,,,,48249,,,,,,0.93,0.85,1.03,
29,"Safety - infant","NICU admission - Observational studies (adjusted)","Winter 2017",0,0,"Observational (adjusted)","NICU admission","Infant",0.49,0.19,1.23,,,,"OR",1,1,6,"Serious","Serious",,,,,48,,,,,,,343,,,,,,0.49,0.19,1.23,
29,"Safety - infant","NICU admission - Observational studies (adjusted)","Berenson 2016",0,0,"Observational (adjusted)","NICU admission","Infant",0.78,0.56,1.08,,,,"OR",3,3,5,"Serious","Serious",,,,103,1109,,,,,,86,650,,,,,,0.78,0.56,1.08,"SOURCE: Adjusted data only; no matching unadjusted binary row found"
29,"Safety - infant","NICU admission - Observational studies (adjusted)","Layton 2017",0,0,"Observational (adjusted)","NICU admission","Infant",1,0.97,1.03,,,,"RR",6,6,4,"Serious","Serious",,,,6996,80217,,,,,,42904,543906,,,,,,1,0.97,1.03,"SOURCE: Adjusted data only; no matching unadjusted binary row found"
30,"Safety - infant","Neonatal mortality - Observational studies (adjusted)","Kildegaard 2025",0,0,"Observational (adjusted)","Neonatal mortality","Infant",0.33,0.24,0.45,,,,"RR",1,1,1,"Moderate","Moderate",,,,,108350,,,,,,,107624,,,,,,0.33,0.24,0.45,
30,"Safety - infant","Neonatal mortality - Observational studies (adjusted)","Tseng 2022",0,0,"Observational (adjusted)","Neonatal mortality","Infant",0.81,0.38,1.73,,,,"RR",2,2,2,"Moderate","Moderate",,,,,16350,,,,,,,16088,,,,,,0.81,0.38,1.73,
31,"Safety - infant","Neonatal sepsis - Observational studies (adjusted)","Greenberg 2023",0,0,"Observational (adjusted)","Neonatal sepsis","Infant",0.95,0.75,1.21,,,,"RR",4,2,3,"Low","Low",,,,,95970,,,,,,,13210,,,,,,0.95,0.75,1.21,
31,"Safety - infant","Neonatal sepsis - Observational studies (adjusted)","Kildegaard 2025",0,0,"Observational (adjusted)","Neonatal sepsis","Infant",0.84,0.8,0.88,,,,"RR",1,3,1,"Moderate","Moderate",,,,,108350,,,,,,,107624,,,,,,0.84,0.8,0.88,
31,"Safety - infant","Neonatal sepsis - Observational studies (adjusted)","Petousis Harris 2019",0,0,"Observational (adjusted)","Neonatal sepsis","Infant",0.872,0.599,1.27,,,,"OR",2,1,4,"Moderate","Moderate",,,,,8299,,,,,,,61090,,,,,,0.872,0.599,1.27,
31,"Safety - infant","Neonatal sepsis - Observational studies (adjusted)","Layton 2017",0,0,"Observational (adjusted)","Neonatal sepsis","Infant",0.89,0.84,0.94,,,,"RR",3,4,2,"Serious","Serious",,,,1774,80217,,,,,,13187,543906,,,,,,0.89,0.84,0.94,"SOURCE: Adjusted data only; no matching unadjusted binary row found"
32,"Safety - infant","Small for gestational age - Observational studies (adjusted)","Fakhraei 2021",0,0,"Observational (adjusted)","Small for gestational age","Infant",0.82,0.76,0.88,,,,"RR",3,4,1,"Moderate","Moderate",,,,,11483,,,,,,,600445,,,,,,0.82,0.76,0.88,
32,"Safety - infant","Small for gestational age - Observational studies (adjusted)","Giles 2021",0,0,"Observational (adjusted)","Small for gestational age","Infant",0.87,0.84,0.9,,,,"RR",5,6,3,"Low","Low",,,,,192487,,,,,,,56872,,,,,,0.87,0.84,0.9,
32,"Safety - infant","Small for gestational age - Observational studies (adjusted)","Kildegaard 2025",0,0,"Observational (adjusted)","Small for gestational age","Infant",0.81,0.74,0.89,,,,"RR",2,3,2,"Moderate","Moderate",,,,,50816,,,,,,,50886,,,,,,0.81,0.74,0.89,
32,"Safety - infant","Small for gestational age - Observational studies (adjusted)","Petousis Harris 2019",0,0,"Observational (adjusted)","Small for gestational age","Infant",0.721,0.574,0.905,,,,"OR",1,1,4,"Moderate","Moderate",,,,,8299,,,,,,,61090,,,,,,0.721,0.574,0.905,
32,"Safety - infant","Small for gestational age - Observational studies (adjusted)","Tseng 2022",0,0,"Observational (adjusted)","Small for gestational age","Infant",0.83,0.7,0.98,,,,"RR",4,2,5,"Moderate","Moderate",,,,,16350,,,,,,,16088,,,,,,0.83,0.7,0.98,
32,"Safety - infant","Small for gestational age - Observational studies (adjusted)","Griffin 2018",0,0,"Observational (adjusted)","Small for gestational age","Infant",0.92,0.82,1.04,,,,"RR",6,5,6,"Serious","Serious",,,,401,8178,,,,,,2916,60372,,,,,,0.92,0.82,1.04,"SOURCE: Adjusted data only; no matching unadjusted binary row found"
33,"Safety - maternal","Chorioamnionitis - Observational studies (adjusted)","Fakhraei 2021",0,0,"Observational (adjusted)","Chorioamnionitis","Maternal",1.17,0.99,1.39,,,,"RR",6,6,5,"Moderate","Moderate",,,,,11519,,,,,,,603694,,,,,,1.17,0.99,1.39,
33,"Safety - maternal","Chorioamnionitis - Observational studies (adjusted)","Greenberg 2023",0,0,"Observational (adjusted)","Chorioamnionitis","Maternal",0.96,0.9,1.03,,,,"HR",2,5,1,"Low","Low",,,,,103254,,,,,,,14957,,,,,,0.96,0.9,1.03,
33,"Safety - maternal","Chorioamnionitis - Observational studies (adjusted)","Hall 2025",0,0,"Observational (adjusted)","Chorioamnionitis","Maternal",0.94,0.72,1.23,,,,"OR",1,2,3,"Low","Low",,,,,1354,,,,,,,296,,,,,,0.94,0.72,1.23,
33,"Safety - maternal","Chorioamnionitis - Observational studies (adjusted)","Kildegaard 2025",0,0,"Observational (adjusted)","Chorioamnionitis","Maternal",1.1,0.8,1.51,,,,"RR",4,3,6,"Moderate","Moderate",,,,,50816,,,,,,,50886,,,,,,1.1,0.8,1.51,
33,"Safety - maternal","Chorioamnionitis - Observational studies (adjusted)","Berenson 2016",0,0,"Observational (adjusted)","Chorioamnionitis","Maternal",1.53,0.8,2.9,,,,"OR",8,4,8,"Serious","Serious",,,,39,1109,,,,,,14,650,,,,,,1.53,0.8,2.9,"SOURCE: Adjusted data only; no matching unadjusted binary row found"
33,"Safety - maternal","Chorioamnionitis - Observational studies (adjusted)","DeSilva 2017",0,0,"Observational (adjusted)","Chorioamnionitis","Maternal",1.23,1.17,1.28,,,,"RR",7,8,4,"Serious","Serious",,,,2883,45008,,,,,,7970,152556,,,,,,1.23,1.17,1.28,"SOURCE: Adjusted data only; no matching unadjusted binary row found"
33,"Safety - maternal","Chorioamnionitis - Observational studies (adjusted)","Griffin 2018",0,0,"Observational (adjusted)","Chorioamnionitis","Maternal",1.1,0.7,1.75,,,,"RR",3,1,7,"Serious","Serious",,,,26,8178,,,,,,198,60372,,,,,,1.1,0.7,1.75,"SOURCE: Adjusted data only; no matching unadjusted binary row found"
33,"Safety - maternal","Chorioamnionitis - Observational studies (adjusted)","Layton 2017",0,0,"Observational (adjusted)","Chorioamnionitis","Maternal",1.11,1.07,1.15,,,,"RR",5,7,2,"Serious","Serious",,,,4529,123780,,,,,,25149,871177,,,,,,1.11,1.07,1.15,"SOURCE: Adjusted data only; no matching unadjusted binary row found"
34,"Safety - maternal","Preeclampsia/eclampsia - Observational studies (adjusted)","Fakhraei 2021",0,0,"Observational (adjusted)","Preeclampsia/eclampsia","Maternal",0.87,0.78,0.96,,,,"RR",2,2,1,"Moderate","Moderate",,,,,11519,,,,,,,603694,,,,,,0.87,0.78,0.96,
34,"Safety - maternal","Preeclampsia/eclampsia - Observational studies (adjusted)","Giles 2021",0,0,"Observational (adjusted)","Preeclampsia/eclampsia","Maternal",0.93,0.87,0.99,,,,"RR",3,3,2,"Low","Low",,,,,192487,,,,,,,56872,,,,,,0.93,0.87,0.99,
34,"Safety - maternal","Preeclampsia/eclampsia - Observational studies (adjusted)","Hall 2020b",0,0,"Observational (adjusted)","Preeclampsia/eclampsia","Maternal",1.07,0.97,1.17,,,,"HR",6,6,6,"Low","Low",,,,,9438,,,,,,,131450,,,,,,1.07,0.97,1.17,
34,"Safety - maternal","Preeclampsia/eclampsia - Observational studies (adjusted)","Kildegaard 2025",0,0,"Observational (adjusted)","Preeclampsia/eclampsia","Maternal",0.97,0.92,1.02,,,,"RR",5,4,4,"Moderate","Moderate",,,,,50816,,,,,,,50886,,,,,,0.97,0.92,1.02,
34,"Safety - maternal","Preeclampsia/eclampsia - Observational studies (adjusted)","Tseng 2022",0,0,"Observational (adjusted)","Preeclampsia/eclampsia","Maternal",1.38,1.24,1.53,,,,"RR",8,8,8,"Moderate","Moderate",,,,,16606,,,,,,,16606,,,,,,1.38,1.24,1.53,
34,"Safety - maternal","Preeclampsia/eclampsia - Observational studies (adjusted)","Griffin 2018",0,0,"Observational (adjusted)","Preeclampsia/eclampsia","Maternal",0.85,0.69,1.04,,,,"RR",1,1,5,"Serious","Serious",,,,,8178,,,,,,,60372,,,,,,0.85,0.69,1.04,"SOURCE: Adjusted data only; no matching unadjusted binary row found"
34,"Safety - maternal","Preeclampsia/eclampsia - Observational studies (adjusted)","Kharbanda 2014",0,0,"Observational (adjusted)","Preeclampsia/eclampsia","Maternal",1.09,0.99,1.2,,,,"RR",7,7,7,"Serious","Serious",,,,,6083,,,,,,,97265,,,,,,1.09,0.99,1.2,"SOURCE: Adjusted data only; no matching unadjusted binary row found"
34,"Safety - maternal","Preeclampsia/eclampsia - Observational studies (adjusted)","Layton 2017",0,0,"Observational (adjusted)","Preeclampsia/eclampsia","Maternal",0.96,0.94,0.99,,,,"RR",4,5,3,"Serious","Serious",,,,,123780,,,,,,,871177,,,,,,0.96,0.94,0.99,"SOURCE: Adjusted data only; no matching unadjusted binary row found"
35,"Safety - maternal","Other adverse events - Observational studies (adjusted)","Khodr 2017",0,0,"Observational (adjusted)","Other adverse events","Maternal",0.91,0.84,0.99,,,,"RR",2,2,1,"Low","Low",,,,,5726,,,,,,,93708,,,,,,0.91,0.84,0.99,
35,"Safety - maternal","Other adverse events - Observational studies (adjusted)","Kildegaard 2025",0,0,"Observational (adjusted)","Other adverse events","Maternal",0.85,0.71,1.02,,,,"RR",1,1,2,"Moderate","Moderate",,,,,50816,,,,,,,50886,,,,,,0.85,0.71,1.02,
36,"Safety - maternal","Other pregnancy-related adverse events - Observational studies (adjusted)","Fakhraei 2021",0,0,"Observational (adjusted)","Other pregnancy-related adverse events","Maternal",1.01,0.91,1.13,,,,"RR",3,3,3,"Moderate","Moderate",,,,,11519,,,,,,,603694,,,,,,1.01,0.91,1.13,
36,"Safety - maternal","Other pregnancy-related adverse events - Observational studies (adjusted)","Sancovski 2019",0,0,"Observational (adjusted)","Other pregnancy-related adverse events","Maternal",0.067,0.008,0.59,,,,"OR",1,1,1,"Serious","Serious",,,,,1119,,,,,,,1248,,,,,,0.067,0.008,0.59,
36,"Safety - maternal","Other pregnancy-related adverse events - Observational studies (adjusted)","Tseng 2022",0,0,"Observational (adjusted)","Other pregnancy-related adverse events","Maternal",0.76,0.64,0.91,,,,"RR",2,2,2,"Moderate","Moderate",,,,,16022,,,,,,,16022,,,,,,0.76,0.64,0.91,
37,"Safety - maternal","Other placental conditions (non-chorioamnionitis) - Observational studies (adjusted)","Kildegaard 2025",0,0,"Observational (adjusted)","Other placental conditions (non-chorioamnionitis)","Maternal",0.95,0.87,1.04,,,,"RR",1,1,1,"Moderate","Moderate",,,,,50816,,,,,,,50886,,,,,,0.95,0.87,1.04,
37,"Safety - maternal","Other placental conditions (non-chorioamnionitis) - Observational studies (adjusted)","Tseng 2022",0,0,"Observational (adjusted)","Other placental conditions (non-chorioamnionitis)","Maternal",1.31,0.99,1.72,,,,"RR",2,2,2,"Moderate","Moderate",,,,,16606,,,,,,,16606,,,,,,1.31,0.99,1.72,
38,"Safety - maternal","Preterm birth - Observational studies (adjusted)","Fakhraei 2021",0,0,"Observational (adjusted)","Preterm birth","Maternal",0.98,0.91,1.06,,,,"HR",7,7,6,"Moderate","Moderate",,,,,11519,,,,,,,603694,,,,,,0.98,0.91,1.06,
38,"Safety - maternal","Preterm birth - Observational studies (adjusted)","Giles 2021",0,0,"Observational (adjusted)","Preterm birth","Maternal",0.68,0.66,0.71,,,,"RR",3,4,1,"Low","Low",,,,,192487,,,,,,,56872,,,,,,0.68,0.66,0.71,
38,"Safety - maternal","Preterm birth - Observational studies (adjusted)","Greenberg 2023",0,0,"Observational (adjusted)","Preterm birth","Maternal",1.01,0.96,1.07,,,,"HR",8,8,8,"Low","Low",,,,,103254,,,,,,,14957,,,,,,1.01,0.96,1.07,
38,"Safety - maternal","Preterm birth - Observational studies (adjusted)","Hall 2020b",0,0,"Observational (adjusted)","Preterm birth","Maternal",0.97,0.88,1.07,,,,"HR",6,6,7,"Low","Low",,,,,1272,,,,,,,131450,,,,,,0.97,0.88,1.07,
38,"Safety - maternal","Preterm birth - Observational studies (adjusted)","Kildegaard 2025",0,0,"Observational (adjusted)","Preterm birth","Maternal",0.89,0.85,0.93,,,,"RR",5,5,3,"Moderate","Moderate",,,,,50816,,,,,,,50886,,,,,,0.89,0.85,0.93,
38,"Safety - maternal","Preterm birth - Observational studies (adjusted)","Sancovski 2019",0,0,"Observational (adjusted)","Preterm birth","Maternal",0.603,0.351,1.035,,,,"OR",1,1,5,"Serious","Serious",,,,,1119,,,,,,,1248,,,,,,0.603,0.351,1.035,
38,"Safety - maternal","Preterm birth - Observational studies (adjusted)","Berenson 2016",0,0,"Observational (adjusted)","Preterm birth","Maternal",0.68,0.45,1.03,,,,"OR",2,2,4,"Serious","Serious",,,,,1109,,,,,,,650,,,,,,0.68,0.45,1.03,"SOURCE: Adjusted data only; no matching unadjusted binary row found"
38,"Safety - maternal","Preterm birth - Observational studies (adjusted)","Griffin 2018",0,0,"Observational (adjusted)","Preterm birth","Maternal",0.72,0.63,0.83,,,,"RR",4,3,2,"Serious","Serious",,,,,8178,,,,,,,60372,,,,,,0.72,0.63,0.83,"SOURCE: Adjusted data only; no matching unadjusted binary row found"
38,"Safety - maternal","Preterm birth - Observational studies (adjusted)","Kharbanda 2014",0,0,"Observational (adjusted)","Preterm birth","Maternal",1.03,0.97,1.09,,,,"RR",9,9,9,"Serious","Serious",,,,,26229,,,,,,,97265,,,,,,1.03,0.97,1.09,"SOURCE: Adjusted data only; no matching unadjusted binary row found"
39,"Safety - maternal","Severe adverse events - Observational studies (adjusted)","Fakhraei 2021",0,0,"Observational (adjusted)","Severe adverse events","Maternal",0.79,0.55,1.13,,,,"RR",1,1,2,"Moderate","Moderate",,,,,11519,,,,,,,603694,,,,,,0.79,0.55,1.13,
39,"Safety - maternal","Severe adverse events - Observational studies (adjusted)","Kildegaard 2025",0,0,"Observational (adjusted)","Severe adverse events","Maternal",0.86,0.73,1.01,,,,"RR",2,2,1,"Moderate","Moderate",,,,,50816,,,,,,,50886,,,,,,0.86,0.73,1.01,
40,"Safety - maternal","Stillbirth - Observational studies (adjusted)","Fakhraei 2021",0,0,"Observational (adjusted)","Stillbirth","Maternal",1.15,0.82,1.6,,,,"HR",4,4,4,"Moderate","Moderate",,,,,11519,,,,,,,603694,,,,,,1.15,0.82,1.6,
40,"Safety - maternal","Stillbirth - Observational studies (adjusted)","Giles 2021",0,0,"Observational (adjusted)","Stillbirth","Maternal",0.23,0.18,0.28,,,,"RR",1,1,1,"Low","Low",,,,,192487,,,,,,,56872,,,,,,0.23,0.18,0.28,
40,"Safety - maternal","Stillbirth - Observational studies (adjusted)","Kildegaard 2025",0,0,"Observational (adjusted)","Stillbirth","Maternal",0.87,0.61,1.23,,,,"RR",3,3,3,"Moderate","Moderate",,,,,50816,,,,,,,50886,,,,,,0.87,0.61,1.23,
40,"Safety - maternal","Stillbirth - Observational studies (adjusted)","Tseng 2022",0,0,"Observational (adjusted)","Stillbirth","Maternal",0.38,0.22,0.67,,,,"RR",2,2,2,"Moderate","Moderate",,,,,16368,,,,,,,16166,,,,,,0.38,0.22,0.67,
41,"Immunogenicity","Anti-FHA Ab (infant blood, age 2 mo) - Observational studies (unadjusted)","Jones 2021",0,0,"Observational (unadjusted)","Anti-FHA Ab (infant blood, age 2 mo)","Infant",11.11725293,6.980509023,17.70548714,,,,"ROM",4,4,3,"High","High","Anti-filamentous hemagglutinin","FHA",,,61,66.37,51.95,84.79,,,,27,5.97,4.02,8.87,,,2.40849822,1.94312184,2.873874599,
41,"Immunogenicity","Anti-FHA Ab (infant blood, age 2 mo) - Observational studies (unadjusted)","Maertens 2022a",0,0,"Observational (unadjusted)","Anti-FHA Ab (infant blood, age 2 mo)","Infant",6.119606359,4.135656852,9.055292382,,,,"ROM",2,3,2,"Moderate","Moderate","Anti-filamentous hemagglutinin","FHA",,,102,80.84,66.3,98.56,,,,14,13.21,9.42,18.52,,,1.811497774,1.419646168,2.20334938,
41,"Immunogenicity","Anti-FHA Ab (infant blood, age 2 mo) - Observational studies (unadjusted)","Maertens 2022b",0,0,"Observational (unadjusted)","Anti-FHA Ab (infant blood, age 2 mo)","Infant",8.68452381,4.130302048,18.26039668,,,,"ROM",3,2,4,"Critical","Critical","Anti-filamentous hemagglutinin","FHA",,,83,43.77,33.35,57.45,,,,14,5.04,2.52,10.05,,,2.161542569,1.418350539,2.904734599,
41,"Immunogenicity","Anti-FHA Ab (infant blood, age 2 mo) - Observational studies (unadjusted)","Maertens 2016",0,0,"Observational (unadjusted)","Anti-FHA Ab (infant blood, age 2 mo)","Infant",5.260869565,4.073862006,6.793737378,,,,"ROM",1,1,1,"Unclear","Unclear","Anti-filamentous hemagglutinin","FHA",,,51,121,100,145,,,,26,23,19,27,,,1.66029633,1.404591445,1.916001214,
42,"Immunogenicity","Anti-PRN Ab (infant blood, age 2 mo) - Observational studies (unadjusted)","Jones 2021",0,0,"Observational (unadjusted)","Anti-PRN Ab (infant blood, age 2 mo)","Infant",23.76806084,11.07375143,51.01439379,,,,"ROM",4,4,4,"High","High","Anti-pertactin","PRN",,,62,62.51,39.17,99.75,,,,27,2.63,1.44,4.82,,,3.168342698,2.404577571,3.932107824,
42,"Immunogenicity","Anti-PRN Ab (infant blood, age 2 mo) - Observational studies (unadjusted)","Maertens 2022a",0,0,"Observational (unadjusted)","Anti-PRN Ab (infant blood, age 2 mo)","Infant",6.420736932,2.600516729,15.85295041,,,,"ROM",1,1,1,"Moderate","Moderate","Anti-pertactin","PRN",,,102,74.93,57.81,97.12,,,,14,11.67,4.91,27.74,,,1.859532898,0.955710167,2.763355629,
42,"Immunogenicity","Anti-PRN Ab (infant blood, age 2 mo) - Observational studies (unadjusted)","Maertens 2022b",0,0,"Observational (unadjusted)","Anti-PRN Ab (infant blood, age 2 mo)","Infant",12.11428571,6.124351013,23.96268895,,,,"ROM",2,2,3,"Critical","Critical","Anti-pertactin","PRN",,,83,42.4,29.8,60.31,,,,14,3.5,1.95,6.27,,,2.494385394,1.812272794,3.176497994,
42,"Immunogenicity","Anti-PRN Ab (infant blood, age 2 mo) - Observational studies (unadjusted)","Maertens 2016",0,0,"Observational (unadjusted)","Anti-PRN Ab (infant blood, age 2 mo)","Infant",14.88235294,10.23234205,21.64552632,,,,"ROM",3,3,2,"Unclear","Unclear","Anti-pertactin","PRN",,,51,253,183,351,,,,26,17,14.5,21,,,2.700176145,2.325553493,3.074798797,
43,"Immunogenicity","Anti-PT Ab (infant blood, age 2 mo) - Observational studies (unadjusted)","Healy 2018",0,0,"Observational (unadjusted)","Anti-PT Ab (infant blood, age 2 mo)","Infant",3.6875,3.170585259,4.28868967,,,,"ROM",1,3,1,"Serious","Serious","Anti-pertussis toxin","PT",,,312,11.8,10.5,13.3,,,,314,3.2,2.9,3.5,,,1.304948722,1.153916195,1.455981248,
43,"Immunogenicity","Anti-PT Ab (infant blood, age 2 mo) - Observational studies (unadjusted)","Jones 2021",0,0,"Observational (unadjusted)","Anti-PT Ab (infant blood, age 2 mo)","Infant",6.371212121,3.897413873,10.41519972,,,,"ROM",4,4,4,"High","High","Anti-pertussis toxin","PT",,,61,16.82,12.64,22.37,,,,27,2.64,1.77,3.94,,,1.851789737,1.360313224,2.343266251,
43,"Immunogenicity","Anti-PT Ab (infant blood, age 2 mo) - Observational studies (unadjusted)","Maertens 2022a",0,0,"Observational (unadjusted)","Anti-PT Ab (infant blood, age 2 mo)","Infant",5.516224189,3.091184949,9.843710357,,,,"ROM",3,2,3,"Moderate","Moderate","Anti-pertussis toxin","PT",,,102,18.7,15.23,22.95,,,,14,3.39,1.97,5.82,,,1.707693602,1.128554496,2.286832709,
43,"Immunogenicity","Anti-PT Ab (infant blood, age 2 mo) - Observational studies (unadjusted)","Maertens 2022b",0,0,"Observational (unadjusted)","Anti-PT Ab (infant blood, age 2 mo)","Infant",4.840707965,2.785766776,8.411491515,,,,"ROM",2,1,2,"Low","Low (except for uncontrolled confounding)","Anti-pertussis toxin","PT",,,83,10.94,8.55,14,,,,14,2.26,1.38,3.71,,,1.577060984,1.024523159,2.129598808,
43,"Immunogenicity","Anti-PT Ab (infant blood, age 2 mo) - Observational studies (unadjusted)","Maertens 2016",0,0,"Observational (unadjusted)","Anti-PT Ab (infant blood, age 2 mo)","Infant",14.09090909,8.686866567,22.85677091,,,,"ROM",5,5,5,"Unclear","Unclear","Anti-pertussis toxin","PT",,,51,15.5,12.1,20,,,,26,1.1,0.7,1.6,,,2.645529844,2.161812295,3.129247393,
44,"Immunogenicity","Anti-FHA Ab (infant blood, age 2 mo) - RCTs","Haidara 2024",0,1,"RCT","Anti-FHA Ab (infant blood, age 2 mo)","Infant",10.78947368,7.815022644,14.89602112,,,,"ROM",2,2,2,"Low","Low","Anti-filamentous hemagglutinin","FHA",,,114,143.5,121.8,169.1,,,,59,13.3,10.1,17.6,,,2.378571,2.056047861,2.701094139,
44,"Immunogenicity","Anti-FHA Ab (infant blood, age 2 mo) - RCTs","Hoang 2016",0,1,"RCT","Anti-FHA Ab (infant blood, age 2 mo)","Infant",2.554112554,1.964889093,3.320030104,,,,"ROM",1,1,1,"Unclear","Unclear","Anti-filamentous hemagglutinin","FHA",,,45,59,48,73,,,,35,23.1,19.7,27,,,0.937704826,0.675435802,1.19997385,
45,"Immunogenicity","Anti-PRN Ab (infant blood, age 2 mo) - RCTs","Haidara 2024",0,1,"RCT","Anti-PRN Ab (infant blood, age 2 mo)","Infant",40.33333333,24.49646428,66.40867673,,,,"ROM",3,3,3,"Low","Low","Anti-pertactin","PRN",,,114,72.6,51.7,101.9,,,,59,1.8,1.3,2.7,,,3.697178257,3.198528792,4.195827722,
45,"Immunogenicity","Anti-PRN Ab (infant blood, age 2 mo) - RCTs","VillarrealPerez 2017",0,1,"RCT","Anti-PRN Ab (infant blood, age 2 mo)","Infant",10.3044733,7.456545967,14.24012814,,,,"ROM",2,2,2,"Some concerns","Some concerns","Anti-pertactin","PRN",,,90,71.41,56.8,89.77,,,,81,6.93,5.52,8.72,,,2.332578102,2.0090923,2.656063905,
45,"Immunogenicity","Anti-PRN Ab (infant blood, age 2 mo) - RCTs","Hoang 2016",0,1,"RCT","Anti-PRN Ab (infant blood, age 2 mo)","Infant",5.897435897,3.941959038,8.822960825,,,,"ROM",1,1,1,"Unclear","Unclear","Anti-pertactin","PRN",,,45,46,32,66,,,,35,7.8,6.6,9.4,,,1.774517663,1.371677817,2.177357508,
46,"Immunogenicity","Anti-PT Ab (infant blood, age 2 mo) - RCTs","Haidara 2024",0,1,"RCT","Anti-PT Ab (infant blood, age 2 mo)","Infant",4.88372093,3.236049898,7.370322114,,,,"ROM",2,3,2,"Low","Low","Anti-pertussis toxin","PT",,,114,21,17.3,25.5,,,,59,4.3,3,6.2,,,1.585907415,1.174353419,1.997461411,
46,"Immunogenicity","Anti-PT Ab (infant blood, age 2 mo) - RCTs","VillarrealPerez 2017",0,1,"RCT","Anti-PT Ab (infant blood, age 2 mo)","Infant",1.766129032,1.283951624,2.429384176,,,,"ROM",1,1,1,"Some concerns","Some concerns","Anti-pertussis toxin","PT",,,90,10.95,8.71,13.77,,,,81,6.2,4.96,7.73,,,0.568790164,0.249942529,0.8876378,
46,"Immunogenicity","Anti-PT Ab (infant blood, age 2 mo) - RCTs","Hoang 2016",0,1,"RCT","Anti-PT Ab (infant blood, age 2 mo)","Infant",5.25,2.894885397,9.521102297,,,,"ROM",3,2,3,"Unclear","Unclear","Anti-pertussis toxin","PT",,,45,4.2,2.9,5.9,,,,35,0.8,0.5,1.3,,,1.658228077,1.062945524,2.25351063,
47,"Immunogenicity","Anti-FHA Ab (infant blood, age 5 mo) - Observational studies (unadjusted)","Jones 2021",0,0,"Observational (unadjusted)","Anti-FHA Ab (infant blood, age 5 mo)","Infant",0.809983658,0.636342589,1.031006783,,,,"ROM",3,3,3,"High","High","Anti-filamentous hemagglutinin","FHA",,,62,54.52,47.75,62.25,,,,45,67.31,55.02,82.34,,,-0.210741207,-0.452018199,0.030535784,
47,"Immunogenicity","Anti-FHA Ab (infant blood, age 5 mo) - Observational studies (unadjusted)","Maertens 2022a",0,0,"Observational (unadjusted)","Anti-FHA Ab (infant blood, age 5 mo)","Infant",0.741965332,0.574777793,0.95778327,,,,"ROM",2,2,2,"Moderate","Moderate","Anti-filamentous hemagglutinin","FHA",,,93,120.28,107.37,134.73,,,,13,162.11,128.97,203.77,,,-0.298452759,-0.55377176,-0.043133758,
47,"Immunogenicity","Anti-FHA Ab (infant blood, age 5 mo) - Observational studies (unadjusted)","Maertens 2022b",0,0,"Observational (unadjusted)","Anti-FHA Ab (infant blood, age 5 mo)","Infant",1.163848587,0.735362098,1.842008906,,,,"ROM",4,4,5,"Moderate","Moderate","Anti-filamentous hemagglutinin","FHA",,,69,106.69,90.6,125.65,,,,10,91.67,59.69,140.78,,,0.151732261,-0.30739225,0.610856773,
47,"Immunogenicity","Anti-FHA Ab (infant blood, age 5 mo) - Observational studies (unadjusted)","Maertens 2016",0,0,"Observational (unadjusted)","Anti-FHA Ab (infant blood, age 5 mo)","Infant",1.203703704,0.887501351,1.632563832,,,,"ROM",5,5,4,"Unclear","Unclear","Anti-filamentous hemagglutinin","FHA",,,49,65,56,75,,,,21,54,41,70,,,0.185403223,-0.119345236,0.490151682,
47,"Immunogenicity","Anti-FHA Ab (infant blood, age 5 mo) - Observational studies (unadjusted)","Ladhani 2015",0,0,"Observational (unadjusted)","Anti-FHA Ab (infant blood, age 5 mo)","Infant",0.620437956,0.540032901,0.712814455,,,,"ROM",1,1,1,"High","High","Anti-filamentous hemagglutinin","FHA",,,129,25.5,23,28.3,,,,197,41.1,37.5,45.1,,,-0.477329669,-0.616125214,-0.338534124,
48,"Immunogenicity","Anti-FIM Ab (infant blood, age 5 mo) - Observational studies (unadjusted)","Jones 2021",0,0,"Observational (unadjusted)","Anti-FIM Ab (infant blood, age 5 mo)","Infant",1.568965517,1.049183565,2.346255579,,,,"ROM",2,2,2,"High","High","Anti-fimbriae","FIM",,,62,3.64,2.77,4.79,,,,45,2.32,1.73,3.12,,,0.450416496,0.048012305,0.852820687,
48,"Immunogenicity","Anti-FIM Ab (infant blood, age 5 mo) - Observational studies (unadjusted)","Ladhani 2015",0,0,"Observational (unadjusted)","Anti-FIM Ab (infant blood, age 5 mo)","Infant",0.50644731,0.416182003,0.616290171,,,,"ROM",1,1,1,"High","High","Anti-fimbriae","FIM",,,129,113.9,99,131.1,,,,197,224.9,196.1,258,,,-0.680334989,-0.876632607,-0.48403737,
49,"Immunogenicity","Anti-PRN Ab (infant blood, age 5 mo) - Observational studies (unadjusted)","Jones 2021",0,0,"Observational (unadjusted)","Anti-PRN Ab (infant blood, age 5 mo)","Infant",0.892078538,0.629396521,1.264392303,,,,"ROM",2,2,2,"High","High","Anti-pertactin","PRN",,,62,65.88,55.66,77.96,,,,44,73.85,54.41,100.22,,,-0.114201104,-0.462993821,0.234591614,
49,"Immunogenicity","Anti-PRN Ab (infant blood, age 5 mo) - Observational studies (unadjusted)","Maertens 2016",0,0,"Observational (unadjusted)","Anti-PRN Ab (infant blood, age 5 mo)","Infant",0.781609195,0.528668496,1.155569017,,,,"ROM",1,1,1,"Unclear","Unclear","Anti-pertactin","PRN",,,49,68,56,84,,,,21,87,62,121,,,-0.246400413,-0.637393705,0.144592878,
50,"Immunogenicity","Anti-PT Ab (infant blood, age 5 mo) - Observational studies (unadjusted)","Jones 2021",0,0,"Observational (unadjusted)","Anti-PT Ab (infant blood, age 5 mo)","Infant",0.711111111,0.553921412,0.912907501,,,,"ROM",3,3,3,"High","High","Anti-pertussis toxin","PT",,,62,30.72,26.32,35.84,,,,45,43.2,35.5,52.58,,,-0.340926587,-0.590732457,-0.091120717,
50,"Immunogenicity","Anti-PT Ab (infant blood, age 5 mo) - Observational studies (unadjusted)","Maertens 2022a",0,0,"Observational (unadjusted)","Anti-PT Ab (infant blood, age 5 mo)","Infant",0.786760812,0.59943705,1.032623151,,,,"ROM",4,5,4,"Moderate","Moderate","Anti-pertussis toxin","PT",,,93,44.57,39.3,50.54,,,,13,56.65,44.51,72.09,,,-0.239831001,-0.511764314,0.032102313,
50,"Immunogenicity","Anti-PT Ab (infant blood, age 5 mo) - Observational studies (unadjusted)","Maertens 2022b",0,0,"Observational (unadjusted)","Anti-PT Ab (infant blood, age 5 mo)","Infant",0.92998049,0.492055839,1.75765359,,,,"ROM",5,2,5,"Moderate","Moderate","Anti-pertussis toxin","PT",,,69,42.9,36.33,50.64,,,,10,46.13,24.95,85.28,,,-0.072591672,-0.709163075,0.563979732,
50,"Immunogenicity","Anti-PT Ab (infant blood, age 5 mo) - Observational studies (unadjusted)","Maertens 2016",0,0,"Observational (unadjusted)","Anti-PT Ab (infant blood, age 5 mo)","Infant",0.537037037,0.397902679,0.724822411,,,,"ROM",1,1,1,"Unclear","Unclear","Anti-pertussis toxin","PT",,,49,29,25,35,,,,21,54,42,69,,,-0.621688217,-0.921547829,-0.321828604,
50,"Immunogenicity","Anti-PT Ab (infant blood, age 5 mo) - Observational studies (unadjusted)","Ladhani 2015",0,0,"Observational (unadjusted)","Anti-PT Ab (infant blood, age 5 mo)","Infant",0.666666667,0.575597718,0.772144208,,,,"ROM",2,4,2,"High","High","Anti-pertussis toxin","PT",,,129,28.8,25.7,32.4,,,,197,43.2,39.4,47.2,,,-0.405465108,-0.552346268,-0.258583948,
51,"Immunogenicity","Anti-FHA Ab (infant blood, age 5 mo) - RCTs","Nakabembe 2025a",0,1,"RCT","Anti-FHA Ab (infant blood, age 5 mo)","Infant",1.02020202,0.663364296,1.568990325,,,,"ROM",1,1,2,"Low","Low","Anti-filamentous hemagglutinin","FHA",,,40,20.2,15.4,26.5,,,,41,19.8,14.2,27.7,,,0.020000667,-0.410430974,0.450432308,
51,"Immunogenicity","Anti-FHA Ab (infant blood, age 5 mo) - RCTs","Nakabembe 2025b",0,1,"RCT","Anti-FHA Ab (infant blood, age 5 mo)","Infant",1.298245614,0.882397898,1.91006991,,,,"ROM",4,3,4,"Low","Low","Anti-filamentous hemagglutinin","FHA",,,50,22.2,17.1,28.7,,,,50,17.1,12.8,22.7,,,0.261013825,-0.125112193,0.647139844,
51,"Immunogenicity","Anti-FHA Ab (infant blood, age 5 mo) - RCTs","Haidara 2024",0,1,"RCT","Anti-FHA Ab (infant blood, age 5 mo)","Infant",1.154589372,0.746089694,1.786751149,,,,"ROM",2,2,3,"Low","Low","Anti-filamentous hemagglutinin","FHA",,,63,23.9,19.2,29.8,,,,32,20.7,14.2,30.2,,,0.143744759,-0.292909453,0.58039897,
51,"Immunogenicity","Anti-FHA Ab (infant blood, age 5 mo) - RCTs","Hoang 2016",0,1,"RCT","Anti-FHA Ab (infant blood, age 5 mo)","Infant",1.156156156,0.921426965,1.450681507,,,,"ROM",3,4,1,"Unclear","Unclear","Anti-filamentous hemagglutinin","FHA",,,35,77,66,90,,,,35,66.6,56,78,,,0.145100844,-0.081831762,0.372033451,
52,"Immunogenicity","Anti-PRN Ab (infant blood, age 5 mo) - RCTs","Haidara 2024",0,1,"RCT","Anti-PRN Ab (infant blood, age 5 mo)","Infant",0.726342711,0.474467387,1.111928339,,,,"ROM",2,2,2,"Low","Low","Anti-pertactin","PRN",,,63,28.4,21.6,37.3,,,,32,39.1,28.2,54.2,,,-0.319733322,-0.745562394,0.10609575,
52,"Immunogenicity","Anti-PRN Ab (infant blood, age 5 mo) - RCTs","Hoang 2016",0,1,"RCT","Anti-PRN Ab (infant blood, age 5 mo)","Infant",0.625942685,0.447428029,0.875681046,,,,"ROM",1,1,1,"Unclear","Unclear","Anti-pertactin","PRN",,,35,83,65,104,,,,35,132.6,104,168,,,-0.46849647,-0.804239583,-0.132753357,
53,"Immunogenicity","Anti-PT Ab (infant blood, age 5 mo) - RCTs","Nakabembe 2025a",0,1,"RCT","Anti-PT Ab (infant blood, age 5 mo)","Infant",0.191780822,0.083954673,0.438092154,,,,"ROM",2,2,2,"Low","Low","Anti-pertussis toxin","PT",,,40,16.8,10.7,26.1,,,,41,87.6,43.7,175.6,,,-1.651402112,-2.47747823,-0.825325993,
53,"Immunogenicity","Anti-PT Ab (infant blood, age 5 mo) - RCTs","Nakabembe 2025b",0,1,"RCT","Anti-PT Ab (infant blood, age 5 mo)","Infant",0.166548547,0.083534266,0.332060362,,,,"ROM",1,1,1,"Low","Low","Anti-pertussis toxin","PT",,,50,23.5,15.6,35.3,,,,50,141.1,80.9,246.1,,,-1.792468438,-2.482498362,-1.102438513,
53,"Immunogenicity","Anti-PT Ab (infant blood, age 5 mo) - RCTs","Haidara 2024",0,1,"RCT","Anti-PT Ab (infant blood, age 5 mo)","Infant",0.257824143,0.127515683,0.521295007,,,,"ROM",3,3,3,"Low","Low","Anti-pertussis toxin","PT",,,63,17.3,12.8,23.4,,,,32,67.1,35.5,126.7,,,-1.355477542,-2.05951592,-0.651439165,
53,"Immunogenicity","Anti-PT Ab (infant blood, age 5 mo) - RCTs","Hoang 2016",0,1,"RCT","Anti-PT Ab (infant blood, age 5 mo)","Infant",1.044776119,0.777486921,1.40395563,,,,"ROM",4,4,4,"Unclear","Unclear","Anti-pertussis toxin","PT",,,35,70,58,84,,,,35,67,53,84,,,0.043802623,-0.251688457,0.339293702,
54,"Immunogenicity","Anti-FHA Ab (infant blood, birth) - Observational studies (unadjusted)","Lima 2019",0,0,"Observational (unadjusted)","Anti-FHA Ab (infant blood, birth)","Infant",10.26791277,7.159474102,14.72594652,,,,"ROM",6,7,6,"Critical","Critical","Anti-filamentous hemagglutinin","FHA",,,66,329.6,251.1,432.8,,,,101,32.1,25.3,40.6,,,2.329023768,1.968436529,2.689611007,
54,"Immunogenicity","Anti-FHA Ab (infant blood, birth) - Observational studies (unadjusted)","Maertens 2022a",0,0,"Observational (unadjusted)","Anti-FHA Ab (infant blood, birth)","Infant",8.566744731,5.73609787,12.79425786,,,,"ROM",5,5,5,"Moderate","Moderate","Anti-filamentous hemagglutinin","FHA",,,100,365.8,307.11,435.7,,,,17,42.7,29.76,61.26,,,2.147887816,1.746779166,2.548996466,
54,"Immunogenicity","Anti-FHA Ab (infant blood, birth) - Observational studies (unadjusted)","Maertens 2022b",0,0,"Observational (unadjusted)","Anti-FHA Ab (infant blood, birth)","Infant",4.94419566,1.91205416,12.78471668,,,,"ROM",3,2,4,"Moderate","Moderate","Anti-filamentous hemagglutinin","FHA",,,54,143.53,110.99,185.61,,,,6,29.03,11.63,72.44,,,1.598214295,0.648178141,2.548250448,
54,"Immunogenicity","Anti-FHA Ab (infant blood, birth) - Observational studies (unadjusted)","Abu Raya 2014a",0,0,"Observational (unadjusted)","Anti-FHA Ab (infant blood, birth)","Infant",11.12280702,6.45843256,19.15586093,,,,"ROM",7,6,7,"Unclear","Unclear","Anti-filamentous hemagglutinin","FHA",,,61,190.2,160.9,224.8,,,,20,17.1,10.2,28.7,,,2.408997687,1.865386651,2.952608723,
54,"Immunogenicity","Anti-FHA Ab (infant blood, birth) - Observational studies (unadjusted)","Maertens 2016",0,0,"Observational (unadjusted)","Anti-FHA Ab (infant blood, birth)","Infant",5.090909091,3.58869777,7.221938717,,,,"ROM",4,4,3,"Unclear","Unclear","Anti-filamentous hemagglutinin","FHA",,,58,140,109,180,,,,41,27.5,21.5,35,,,1.627456418,1.277789399,1.977123437,
54,"Immunogenicity","Anti-FHA Ab (infant blood, birth) - Observational studies (unadjusted)","Healy 2013",0,0,"Observational (unadjusted)","Anti-FHA Ab (infant blood, birth)","Infant",1.2,0.726304743,1.98263885,,,,"ROM",1,1,1,"High","High","Anti-filamentous hemagglutinin","FHA",,,19,87.6,56.3,136.4,,,,86,73,57.6,92.6,,,0.182321557,-0.319785596,0.68442871,
54,"Immunogenicity","Anti-FHA Ab (infant blood, birth) - Observational studies (unadjusted)","Gall 2011",0,0,"Observational (unadjusted)","Anti-FHA Ab (infant blood, birth)","Infant",3.888059701,2.293384157,6.59157263,,,,"ROM",2,3,2,"High","High","Anti-filamentous hemagglutinin","FHA",,,52,104.2,61.668,146.732,,21.7,,52,26.8,18.96,34.64,,4,1.357910242,0.830028525,1.885791959,
55,"Immunogenicity","Anti-FIM Ab (infant blood, birth) - Observational studies (unadjusted)","Healy 2013",0,0,"Observational (unadjusted)","Anti-FIM Ab (infant blood, birth)","Infant",1.050383352,0.429299485,2.570012834,,,,"ROM",1,1,1,"High","High","Anti-fimbriae","FIM",,,19,191.8,84.5,435.7,,,,86,182.6,127.7,261.2,,,0.049155194,-0.845600504,0.943910893,
55,"Immunogenicity","Anti-FIM Ab (infant blood, birth) - Observational studies (unadjusted)","Gall 2011",0,0,"Observational (unadjusted)","Anti-FIM Ab (infant blood, birth)","Infant",14.48055556,8.93819097,23.45961167,,,,"ROM",2,2,2,"High","High","Anti-fimbriae","FIM",,,52,1198.99,826.786,1571.194,,189.9,,52,82.8,54.2036,111.3964,,14.59,2.672806753,2.190333216,3.15528029,
56,"Immunogenicity","Anti-PRN Ab (infant blood, birth) - Observational studies (unadjusted)","Lima 2019",0,0,"Observational (unadjusted)","Anti-PRN Ab (infant blood, birth)","Infant",25.38202247,13.80417756,46.67044177,,,,"ROM",6,6,6,"Critical","Critical","Anti-pertactin","PRN",,,66,225.9,137.3,371.8,,,,101,8.9,6.3,12.7,,,3.234041147,2.624971268,3.843111026,
56,"Immunogenicity","Anti-PRN Ab (infant blood, birth) - Observational studies (unadjusted)","Maertens 2022a",0,0,"Observational (unadjusted)","Anti-PRN Ab (infant blood, birth)","Infant",9.727569741,4.68319371,20.20535962,,,,"ROM",2,3,2,"Moderate","Moderate","Anti-pertactin","PRN",,,100,387.06,307,488.02,,,,17,39.79,19.89,79.58,,,2.274964095,1.543980294,3.005947897,
56,"Immunogenicity","Anti-PRN Ab (infant blood, birth) - Observational studies (unadjusted)","Maertens 2022b",0,0,"Observational (unadjusted)","Anti-PRN Ab (infant blood, birth)","Infant",10.80754717,4.349988397,26.85135342,,,,"ROM",3,2,4,"Moderate","Moderate","Anti-pertactin","PRN",,,54,171.84,113.91,259.24,,,,6,15.9,7.06,35.81,,,2.380244702,1.470173178,3.290316226,
56,"Immunogenicity","Anti-PRN Ab (infant blood, birth) - Observational studies (unadjusted)","Abu Raya 2014a",0,0,"Observational (unadjusted)","Anti-PRN Ab (infant blood, birth)","Infant",15.29245283,6.136429162,38.10996712,,,,"ROM",5,4,5,"Unclear","Unclear","Anti-pertactin","PRN",,,61,162.1,120.4,218.2,,,,20,10.6,4.5,25.3,,,2.727359428,1.814243003,3.640475852,
56,"Immunogenicity","Anti-PRN Ab (infant blood, birth) - Observational studies (unadjusted)","Maertens 2016",0,0,"Observational (unadjusted)","Anti-PRN Ab (infant blood, birth)","Infant",33.19047619,23.27824919,47.32347784,,,,"ROM",7,7,7,"Unclear","Unclear","Anti-pertactin","PRN",,,58,697,573,848,,,,41,21,15.5,28,,,3.502262973,3.147519413,3.857006533,
56,"Immunogenicity","Anti-PRN Ab (infant blood, birth) - Observational studies (unadjusted)","Healy 2013",0,0,"Observational (unadjusted)","Anti-PRN Ab (infant blood, birth)","Infant",1.678657074,0.728123515,3.870070827,,,,"ROM",1,1,1,"High","High","Anti-pertactin","PRN",,,19,70,32.5,150.5,,,,86,41.7,28.3,55,,,0.517994113,-0.317284582,1.353272808,
56,"Immunogenicity","Anti-PRN Ab (infant blood, birth) - Observational studies (unadjusted)","Gall 2011",0,0,"Observational (unadjusted)","Anti-PRN Ab (infant blood, birth)","Infant",13.48178138,7.358113385,24.70177063,,,,"ROM",4,5,3,"High","High","Anti-pertactin","PRN",,,52,333,222.456,443.544,,56.4,,52,24.7,13.332,36.068,,5.8,2.601339246,1.995803566,3.206874926,
57,"Immunogenicity","Anti-PT Ab (infant blood, birth) - Observational studies (unadjusted)","Abu Raya 2019a",0,0,"Observational (unadjusted)","Anti-PT Ab (infant blood, birth)","Infant",3.518691589,2.532468419,4.888981203,,,,"ROM",4,5,5,"Moderate","Moderate","Anti-pertussis toxin","PT",,,43,75.3,61.2,92.9,,,,22,21.4,16.6,27.6,,,1.258089213,0.929194487,1.586983939,
57,"Immunogenicity","Anti-PT Ab (infant blood, birth) - Observational studies (unadjusted)","Abu Raya 2019b",0,0,"Observational (unadjusted)","Anti-PT Ab (infant blood, birth)","Infant",2.460747664,1.68812627,3.586982309,,,,"ROM",2,2,2,"Moderate","Moderate","Anti-pertussis toxin","PT",,,47,52.66,39.9,69.6,,,,22,21.4,16.6,27.6,,,0.900465232,0.523619198,1.277311266,
57,"Immunogenicity","Anti-PT Ab (infant blood, birth) - Observational studies (unadjusted)","Fallo 2018",0,0,"Observational (unadjusted)","Anti-PT Ab (infant blood, birth)","Infant",4.422413793,3.327370379,5.877837911,,,,"ROM",7,8,7,"Moderate","Moderate","Anti-pertussis toxin","PT",,,105,51.3,41.3,63.8,,,,99,11.6,9.7,14,,,1.486685654,1.202182316,1.771188992,
57,"Immunogenicity","Anti-PT Ab (infant blood, birth) - Observational studies (unadjusted)","Healy 2018",0,0,"Observational (unadjusted)","Anti-PT Ab (infant blood, birth)","Infant",3.666666667,3.158465195,4.256638467,,,,"ROM",5,6,4,"Moderate","Moderate","Anti-pertussis toxin","PT",,,312,47.3,42.1,53.2,,,,314,12.9,11.8,14.2,,,1.299282984,1.150086212,1.448479756,
57,"Immunogenicity","Anti-PT Ab (infant blood, birth) - Observational studies (unadjusted)","Lima 2019",0,0,"Observational (unadjusted)","Anti-PT Ab (infant blood, birth)","Infant",8.870967742,5.536845042,14.21279954,,,,"ROM",12,13,11,"Critical","Critical","Anti-pertussis toxin","PT",,,66,55,39.3,77.1,,,,101,6.2,4.5,8.7,,,2.182783893,1.711424852,2.654142935,
57,"Immunogenicity","Anti-PT Ab (infant blood, birth) - Observational studies (unadjusted)","Maertens 2022a",0,0,"Observational (unadjusted)","Anti-PT Ab (infant blood, birth)","Infant",5.71437866,3.186922083,10.24628862,,,,"ROM",9,7,9,"Moderate","Moderate","Anti-pertussis toxin","PT",,,100,87.83,73.07,105.57,,,,17,15.37,8.83,26.75,,,1.74298557,1.159055587,2.326915554,
57,"Immunogenicity","Anti-PT Ab (infant blood, birth) - Observational studies (unadjusted)","Maertens 2022b",0,0,"Observational (unadjusted)","Anti-PT Ab (infant blood, birth)","Infant",6.894356006,2.203455468,21.57163847,,,,"ROM",10,4,12,"Moderate","Moderate","Anti-pertussis toxin","PT",,,53,47.64,37.93,59.84,,,,6,6.91,2.26,21.13,,,1.930703107,0.790026795,3.071379418,
57,"Immunogenicity","Anti-PT Ab (infant blood, birth) - Observational studies (unadjusted)","Vaz-de-Lima 2019",0,0,"Observational (unadjusted)","Anti-PT Ab (infant blood, birth)","Infant",5.577639752,4.305925923,7.224942034,,,,"ROM",8,10,8,"Serious","Serious","Anti-pertussis toxin","PT",,,243,89.8,80.9,99.6,,,,75,16.1,12.7,20.4,,,1.718765703,1.459992196,1.977539211,
57,"Immunogenicity","Anti-PT Ab (infant blood, birth) - Observational studies (unadjusted)","Sahoo 2024",0,0,"Observational (unadjusted)","Anti-PT Ab (infant blood, birth)","Infant",4.3200883,3.555209672,5.249525244,,,,"ROM",6,9,6,"Critical","Critical","Anti-pertussis toxin","PT",,,30,117.42,100.11,134.74,46.38,,,162,27.18,23.77,30.59,21.98,,1.463275842,1.268414041,1.658137643,
57,"Immunogenicity","Anti-PT Ab (infant blood, birth) - Observational studies (unadjusted)","Abu Raya 2014a",0,0,"Observational (unadjusted)","Anti-PT Ab (infant blood, birth)","Infant",15.90178571,5.176545062,48.84856326,,,,"ROM",13,12,13,"Unclear","Unclear","Anti-pertussis toxin","PT",,,61,17.81,10.67,29.74,,,,20,1.12,0.41,3.02,,,2.766431412,1.644137857,3.888724967,
57,"Immunogenicity","Anti-PT Ab (infant blood, birth) - Observational studies (unadjusted)","Maertens 2016",0,0,"Observational (unadjusted)","Anti-PT Ab (infant blood, birth)","Infant",8.120967742,5.036910679,13.0933664,,,,"ROM",11,11,10,"Unclear","Unclear","Anti-pertussis toxin","PT",,,58,100.7,82,123,,,,41,12.4,8,19,,,2.094449327,1.616792934,2.572105721,
57,"Immunogenicity","Anti-PT Ab (infant blood, birth) - Observational studies (unadjusted)","Healy 2013",0,0,"Observational (unadjusted)","Anti-PT Ab (infant blood, birth)","Infant",1.035928144,0.629496384,1.704770903,,,,"ROM",1,1,1,"High","High","Anti-pertussis toxin","PT",,,19,17.3,11.1,26.8,,,,86,16.7,13.2,21,,,0.035297782,-0.46283517,0.533430734,
57,"Immunogenicity","Anti-PT Ab (infant blood, birth) - Observational studies (unadjusted)","Gall 2011",0,0,"Observational (unadjusted)","Anti-PT Ab (infant blood, birth)","Infant",2.561307902,1.740708948,3.768750759,,,,"ROM",3,3,3,"High","High","Anti-pertussis toxin","PT",,,52,28.2,22.712,33.688,,2.8,,52,11.01,7.482,14.538,,1.8,0.940518027,0.554292471,1.326743583,
58,"Immunogenicity","Anti-FHA Ab (infant blood, birth) - RCTs","Nakabembe 2025a",0,1,"RCT","Anti-FHA Ab (infant blood, birth)","Infant",4.234285714,2.189887319,8.187259389,,,,"ROM",2,2,2,"Low","Low","Anti-filamentous hemagglutinin","FHA",,,40,74.1,44.3,124.2,,,,41,17.5,11.6,26.4,,,1.443214651,0.78385009,2.102579213,
58,"Immunogenicity","Anti-FHA Ab (infant blood, birth) - RCTs","Nakabembe 2025b",0,1,"RCT","Anti-FHA Ab (infant blood, birth)","Infant",15.42285714,9.330307652,25.49374912,,,,"ROM",5,4,6,"Low","Low","Anti-filamentous hemagglutinin","FHA",,,50,269.9,186.5,390.6,,,,50,17.5,12.5,24.7,,,2.735850639,2.233267989,3.238433289,
58,"Immunogenicity","Anti-FHA Ab (infant blood, birth) - RCTs","Perrett 2020",0,1,"RCT","Anti-FHA Ab (infant blood, birth)","Infant",16.1277533,13.49659656,19.27185312,,,,"ROM",6,6,4,"Some concerns","Some concerns","Anti-filamentous hemagglutinin","FHA",,,291,366.1,329,407.3,,,,292,22.7,19.7,26.2,,,2.780541596,2.602437547,2.958645644,
58,"Immunogenicity","Anti-FHA Ab (infant blood, birth) - RCTs","Haidara 2024",0,1,"RCT","Anti-FHA Ab (infant blood, birth)","Infant",13.6443662,10.13633752,18.36646902,,,,"ROM",4,5,3,"Low","Low","Anti-filamentous hemagglutinin","FHA",,,124,387.5,327.9,457.9,,,,64,28.4,22.2,36.3,,,2.613326704,2.316126741,2.910526666,
58,"Immunogenicity","Anti-FHA Ab (infant blood, birth) - RCTs","Munoz 2014",0,1,"RCT","Anti-FHA Ab (infant blood, birth)","Infant",9.330677291,3.77134041,23.08503854,,,,"ROM",3,3,5,"Unclear","Unclear","Anti-filamentous hemagglutinin","FHA",,,31,234.2,184.6,297.3,,,,14,25.1,10.5,60.3,,,2.233307605,1.327430485,3.139184725,
58,"Immunogenicity","Anti-FHA Ab (infant blood, birth) - RCTs","Hoang 2016",0,1,"RCT","Anti-FHA Ab (infant blood, birth)","Infant",3.406593407,2.160415339,5.371596114,,,,"ROM",1,1,1,"Unclear","Unclear","Anti-filamentous hemagglutinin","FHA",,,50,93,65,133,,,,47,27.3,20.9,36.7,,,1.225712791,0.77030049,1.681125092,
59,"Immunogenicity","Anti-FIM Ab (infant blood, birth) - RCTs","Haidara 2024",0,1,"RCT","Anti-FIM Ab (infant blood, birth)","Infant",1.572368421,0.923820312,2.676215732,,,,"ROM",1,1,1,"Low","Low","Anti-fimbriae","FIM",,,124,23.9,17.8,32,,,,64,15.2,9.8,23.8,,,0.452583031,-0.079237694,0.984403756,
59,"Immunogenicity","Anti-FIM Ab (infant blood, birth) - RCTs","Munoz 2014",0,1,"RCT","Anti-FIM Ab (infant blood, birth)","Infant",36.04247104,14.23884733,91.23348883,,,,"ROM",2,2,2,"Unclear","Unclear","Anti-fimbriae","FIM",,,31,1867,1211.7,2876.8,,,,14,51.8,22.8,118,,,3.584697994,2.655973957,4.513422032,
60,"Immunogenicity","Anti-PRN Ab (infant blood, birth) - RCTs","Perrett 2020",0,1,"RCT","Anti-PRN Ab (infant blood, birth)","Infant",20.67123288,15.85918347,26.9433713,,,,"ROM",4,4,3,"Some concerns","Some concerns","Anti-pertactin","PRN",,,291,301.8,250.9,362.9,,,,292,14.6,12.1,17.7,,,3.028743018,2.763748731,3.293737304,
60,"Immunogenicity","Anti-PRN Ab (infant blood, birth) - RCTs","Haidara 2024",0,1,"RCT","Anti-PRN Ab (infant blood, birth)","Infant",46.125,27.37802772,77.70887102,,,,"ROM",5,5,5,"Low","Low","Anti-pertactin","PRN",,,124,184.5,130.6,260.6,,,,64,4,2.7,5.9,,,3.831355102,3.309740784,4.352969421,
60,"Immunogenicity","Anti-PRN Ab (infant blood, birth) - RCTs","VillarrealPerez 2017",0,1,"RCT","Anti-PRN Ab (infant blood, birth)","Infant",15.80049566,10.79353798,23.13010466,,,,"ROM",3,3,2,"Some concerns","Some concerns","Anti-pertactin","PRN",,,90,127.51,104.15,156.12,,,,81,8.07,5.84,11.14,,,2.760041311,2.37894762,3.141135001,
60,"Immunogenicity","Anti-PRN Ab (infant blood, birth) - RCTs","Munoz 2014",0,1,"RCT","Anti-PRN Ab (infant blood, birth)","Infant",15.20833333,5.084094077,45.49353322,,,,"ROM",2,1,4,"Unclear","Unclear","Anti-pertactin","PRN",,,31,219,134.4,357,,,,14,14.4,5.4,38.4,,,2.721843523,1.626116858,3.817570189,
60,"Immunogenicity","Anti-PRN Ab (infant blood, birth) - RCTs","Hoang 2016",0,1,"RCT","Anti-PRN Ab (infant blood, birth)","Infant",8.920863309,5.641575712,14.10630757,,,,"ROM",1,2,1,"Unclear","Unclear","Anti-pertactin","PRN",,,50,124,86,179,,,,47,13.9,10.5,18.2,,,2.188392725,1.730163408,2.646622043,
61,"Immunogenicity","Anti-PT Ab (infant blood, birth) - RCTs","Nakabembe 2025a",0,1,"RCT","Anti-PT Ab (infant blood, birth)","Infant",9.566666667,5.164214558,17.72217441,,,,"ROM",6,5,6,"Low","Low","Anti-pertussis toxin","PT",,,40,114.8,70.4,186.8,,,,41,12,8,17,,,2.258284834,1.641753021,2.874816647,
61,"Immunogenicity","Anti-PT Ab (infant blood, birth) - RCTs","Nakabembe 2025b",0,1,"RCT","Anti-PT Ab (infant blood, birth)","Infant",21.25,10.77952715,41.89075214,,,,"ROM",7,7,7,"Low","Low","Anti-pertussis toxin","PT",,,50,170,101,285,,,,50,8,5,12,,,3.056356895,2.377648701,3.73506509,
61,"Immunogenicity","Anti-PT Ab (infant blood, birth) - RCTs","Perrett 2020",0,1,"RCT","Anti-PT Ab (infant blood, birth)","Infant",8.527272727,7.071111005,10.28330345,,,,"ROM",5,6,4,"Some concerns","Some concerns","Anti-pertussis toxin","PT",,,291,46.9,41.2,53.3,,,,292,5.5,4.8,6.3,,,2.143269583,1.956017611,2.330521555,
61,"Immunogenicity","Anti-PT Ab (infant blood, birth) - RCTs","Haidara 2024",0,1,"RCT","Anti-PT Ab (infant blood, birth)","Infant",7.012658228,4.614185118,10.65786789,,,,"ROM",4,4,5,"Low","Low","Anti-pertussis toxin","PT",,,124,55.4,46.2,66.2,,,,64,7.9,5.4,11.5,,,1.947716834,1.52913528,2.366298389,
61,"Immunogenicity","Anti-PT Ab (infant blood, birth) - RCTs","VillarrealPerez 2017",0,1,"RCT","Anti-PT Ab (infant blood, birth)","Infant",3.52244389,2.287037652,5.425188759,,,,"ROM",2,2,2,"Some concerns","Some concerns","Anti-pertussis toxin","PT",,,90,28.25,21.06,37.9,,,,81,8.02,5.84,11,,,1.259155036,0.827257378,1.691052693,
61,"Immunogenicity","Anti-PT Ab (infant blood, birth) - RCTs","Munoz 2014",0,1,"RCT","Anti-PT Ab (infant blood, birth)","Infant",4.914285714,2.418956641,9.983727558,,,,"ROM",3,3,3,"Unclear","Unclear","Anti-pertussis toxin","PT",,,31,68.8,52.1,90.8,,,,14,14,7.3,26.9,,,1.592146415,0.883336307,2.300956523,
61,"Immunogenicity","Anti-PT Ab (infant blood, birth) - RCTs","Hoang 2016",0,1,"RCT","Anti-PT Ab (infant blood, birth)","Infant",2.916666667,1.992085393,4.270371378,,,,"ROM",1,1,1,"Unclear","Unclear","Anti-pertussis toxin","PT",,,50,21,16,28,,,,47,7.2,5.6,9.4,,,1.070441412,0.689182026,1.451700797,
62,"Immunogenicity","Anti-FHA Ab (maternal blood, delivery) - Observational studies (unadjusted)","Wieringa 2025",0,0,"Observational (unadjusted)","Anti-FHA Ab (maternal blood, delivery)","Maternal",20.80157687,12.18773576,35.50336247,,,,"ROM",7,7,7,"Moderate","Moderate","Anti-filamentous hemagglutinin","FHA",,,135,158.3,134.63,186.14,,,,25,7.61,4.57,12.66,,,3.035028795,2.500430181,3.569627409,
62,"Immunogenicity","Anti-FHA Ab (maternal blood, delivery) - Observational studies (unadjusted)","Lima 2019",0,0,"Observational (unadjusted)","Anti-FHA Ab (maternal blood, delivery)","Maternal",14.31223629,9.745364469,21.01923516,,,,"ROM",6,6,4,"Critical","Critical","Anti-filamentous hemagglutinin","FHA",,,66,339.2,250.8,458.6,,,,101,23.7,18.7,30.1,,,2.661114856,2.276791733,3.045437979,
62,"Immunogenicity","Anti-FHA Ab (maternal blood, delivery) - Observational studies (unadjusted)","Maertens 2022a",0,0,"Observational (unadjusted)","Anti-FHA Ab (maternal blood, delivery)","Maternal",10.43217666,6.169411895,17.64030537,,,,"ROM",3,4,3,"Moderate","Moderate","Anti-filamentous hemagglutinin","FHA",,,106,231.49,195.47,274.16,,,,17,22.19,13.5,36.5,,,2.344894939,1.819603516,2.870186362,
62,"Immunogenicity","Anti-FHA Ab (maternal blood, delivery) - Observational studies (unadjusted)","Maertens 2022b",0,0,"Observational (unadjusted)","Anti-FHA Ab (maternal blood, delivery)","Maternal",11.14579439,4.535117398,27.39261672,,,,"ROM",4,3,6,"Moderate","Moderate","Anti-filamentous hemagglutinin","FHA",,,63,178.89,133.89,239.02,,,,14,16.05,6.85,37.59,,,2.411062242,1.51185097,3.310273514,
62,"Immunogenicity","Anti-FHA Ab (maternal blood, delivery) - Observational studies (unadjusted)","Abu Raya 2014a",0,0,"Observational (unadjusted)","Anti-FHA Ab (maternal blood, delivery)","Maternal",13.98507463,9.047271149,21.61782366,,,,"ROM",5,5,5,"Unclear","Unclear","Anti-filamentous hemagglutinin","FHA",,,61,187.4,162.9,215.7,,,,20,13.4,8.9,20.3,,,2.637990663,2.202463182,3.073518144,
62,"Immunogenicity","Anti-FHA Ab (maternal blood, delivery) - Observational studies (unadjusted)","Maertens 2016",0,0,"Observational (unadjusted)","Anti-FHA Ab (maternal blood, delivery)","Maternal",5,3.703002288,6.751278572,,,,"ROM",2,2,2,"Unclear","Unclear","Anti-filamentous hemagglutinin","FHA",,,57,107,91,126,,,,41,21.4,16.6,27.5,,,1.609437912,1.30914392,1.909731905,
62,"Immunogenicity","Anti-FHA Ab (maternal blood, delivery) - Observational studies (unadjusted)","Healy 2013",0,0,"Observational (unadjusted)","Anti-FHA Ab (maternal blood, delivery)","Maternal",0.968565815,0.532879475,1.760472646,,,,"ROM",1,1,1,"High","High","Anti-filamentous hemagglutinin","FHA",,,19,49.3,28.4,85.8,,,,86,50.9,40.6,63.9,,,-0.031938843,-0.629460007,0.565582322,
63,"Immunogenicity","Anti-FIM Ab (maternal blood, delivery) - Observational studies (unadjusted)","Wieringa 2025",0,0,"Observational (unadjusted)","Anti-FIM Ab (maternal blood, delivery)","Maternal",1.867713004,0.906068017,3.849988964,,,,"ROM",2,2,2,"Moderate","Moderate","Anti-fimbriae","FIM",,,135,8.33,6.29,11.05,,,,25,4.46,2.29,8.68,,,0.62471469,-0.098640901,1.348070282,
63,"Immunogenicity","Anti-FIM Ab (maternal blood, delivery) - Observational studies (unadjusted)","Healy 2013",0,0,"Observational (unadjusted)","Anti-FIM Ab (maternal blood, delivery)","Maternal",0.74602026,0.288724519,1.927602928,,,,"ROM",1,1,1,"High","High","Anti-fimbriae","FIM",,,19,103.1,42.7,249,,,,86,138.2,97.2,196.5,,,-0.29300252,-1.242282265,0.656277225,
64,"Immunogenicity","Anti-PRN Ab (maternal blood, delivery) - Observational studies (unadjusted)","Wieringa 2025",0,0,"Observational (unadjusted)","Anti-PRN Ab (maternal blood, delivery)","Maternal",23.02114165,11.73813496,45.14967367,,,,"ROM",4,5,3,"Moderate","Moderate","Anti-pertactin","PRN",,,135,108.89,81.13,140.84,,,,25,4.73,2.56,8.75,,,3.136412996,2.46284294,3.809983052,
64,"Immunogenicity","Anti-PRN Ab (maternal blood, delivery) - Observational studies (unadjusted)","Lima 2019",0,0,"Observational (unadjusted)","Anti-PRN Ab (maternal blood, delivery)","Maternal",34.33333333,18.5919197,63.40269304,,,,"ROM",7,6,7,"Critical","Critical","Anti-pertactin","PRN",,,66,257.5,153.8,431.2,,,,101,7.5,5.4,10.5,,,3.5361167,2.922727062,4.149506337,
64,"Immunogenicity","Anti-PRN Ab (maternal blood, delivery) - Observational studies (unadjusted)","Maertens 2022a",0,0,"Observational (unadjusted)","Anti-PRN Ab (maternal blood, delivery)","Maternal",13.14989518,5.211777085,33.17865296,,,,"ROM",2,2,2,"Moderate","Moderate","Anti-pertactin","PRN",,,106,250.9,199.65,315.31,,,,17,19.08,7.78,46.77,,,2.576413787,1.650920889,3.501906686,
64,"Immunogenicity","Anti-PRN Ab (maternal blood, delivery) - Observational studies (unadjusted)","Maertens 2022b",0,0,"Observational (unadjusted)","Anti-PRN Ab (maternal blood, delivery)","Maternal",23.49514563,10.07604696,54.78555928,,,,"ROM",5,4,6,"Moderate","Moderate","Anti-pertactin","PRN",,,63,217.8,140.53,337.55,,,,14,9.27,4.49,19.12,,,3.156793831,2.310161019,4.003426642,
64,"Immunogenicity","Anti-PRN Ab (maternal blood, delivery) - Observational studies (unadjusted)","Abu Raya 2014a",0,0,"Observational (unadjusted)","Anti-PRN Ab (maternal blood, delivery)","Maternal",19.52941176,7.767317897,49.10291158,,,,"ROM",3,3,5,"Unclear","Unclear","Anti-pertactin","PRN",,,61,166,125.7,219.4,,,,20,8.5,3.5,20.3,,,2.971921625,2.049924918,3.893918332,
64,"Immunogenicity","Anti-PRN Ab (maternal blood, delivery) - Observational studies (unadjusted)","Maertens 2016",0,0,"Observational (unadjusted)","Anti-PRN Ab (maternal blood, delivery)","Maternal",33.44444444,22.99321643,48.64612428,,,,"ROM",6,7,4,"Unclear","Unclear","Anti-pertactin","PRN",,,57,602,485.5,747,,,,41,18,13,24,,,3.509885687,3.135199235,3.88457214,
64,"Immunogenicity","Anti-PRN Ab (maternal blood, delivery) - Observational studies (unadjusted)","Healy 2013",0,0,"Observational (unadjusted)","Anti-PRN Ab (maternal blood, delivery)","Maternal",1.02278481,0.444152608,2.355246257,,,,"ROM",1,1,1,"High","High","Anti-pertactin","PRN",,,19,40.4,18.9,87.3,,,,86,39.5,28.3,55,,,0.022529113,-0.811587064,0.85664529,
65,"Immunogenicity","Anti-PT Ab (maternal blood, delivery) - Observational studies (unadjusted)","Wieringa 2025",0,0,"Observational (unadjusted)","Anti-PT Ab (maternal blood, delivery)","Maternal",12.33130699,7.371897363,20.62713635,,,,"ROM",7,7,7,"Moderate","Moderate","Anti-pertussis toxin","PT",,,135,40.57,33.41,49.26,,,,25,3.29,2.04,5.29,,,2.512141312,1.997675117,3.026607508,
65,"Immunogenicity","Anti-PT Ab (maternal blood, delivery) - Observational studies (unadjusted)","Fallo 2018",0,0,"Observational (unadjusted)","Anti-PT Ab (maternal blood, delivery)","Maternal",3.581632653,2.673249407,4.798688977,,,,"ROM",2,2,2,"Moderate","Moderate","Anti-pertussis toxin","PT",,,105,35.1,28.5,43.1,,,,99,9.8,8,12.1,,,1.275818745,0.983294739,1.568342751,
65,"Immunogenicity","Anti-PT Ab (maternal blood, delivery) - Observational studies (unadjusted)","Lima 2019",0,0,"Observational (unadjusted)","Anti-PT Ab (maternal blood, delivery)","Maternal",12.68085106,7.899459394,20.35632765,,,,"ROM",8,8,6,"Critical","Critical","Anti-pertussis toxin","PT",,,66,59.6,42.5,83.5,,,,101,4.7,3.4,6.6,,,2.540093065,2.066794326,3.013391805,
65,"Immunogenicity","Anti-PT Ab (maternal blood, delivery) - Observational studies (unadjusted)","Maertens 2022a",0,0,"Observational (unadjusted)","Anti-PT Ab (maternal blood, delivery)","Maternal",7.174278846,3.790895233,13.57734092,,,,"ROM",5,4,5,"Moderate","Moderate","Anti-pertussis toxin","PT",,,106,59.69,50.24,70.92,,,,17,8.32,4.5,15.37,,,1.970502247,1.3326022,2.608402294,
65,"Immunogenicity","Anti-PT Ab (maternal blood, delivery) - Observational studies (unadjusted)","Maertens 2022b",0,0,"Observational (unadjusted)","Anti-PT Ab (maternal blood, delivery)","Maternal",9.632450331,4.496382139,20.63527888,,,,"ROM",6,6,8,"Moderate","Moderate","Anti-pertussis toxin","PT",,,63,58.18,44.93,75.32,,,,14,6.04,2.95,12.37,,,2.265137641,1.503273104,3.027002178,
65,"Immunogenicity","Anti-PT Ab (maternal blood, delivery) - Observational studies (unadjusted)","Vaz-de-Lima 2019",0,0,"Observational (unadjusted)","Anti-PT Ab (maternal blood, delivery)","Maternal",5.362903226,4.344547011,6.619960824,,,,"ROM",4,5,3,"Serious","Serious","Anti-pertussis toxin","PT",,,243,66.5,60.1,73.6,,,,75,12.4,10.3,14.9,,,1.679505475,1.468921498,1.890089452,
65,"Immunogenicity","Anti-PT Ab (maternal blood, delivery) - Observational studies (unadjusted)","Abu Raya 2014a",0,0,"Observational (unadjusted)","Anti-PT Ab (maternal blood, delivery)","Maternal",24.14285714,8.76939881,66.46721898,,,,"ROM",9,9,9,"Unclear","Unclear","Anti-pertussis toxin","PT",,,61,16.9,10.5,27,,,,20,0.7,0.3,1.8,,,3.183988566,2.171268253,4.196708878,
65,"Immunogenicity","Anti-PT Ab (maternal blood, delivery) - Observational studies (unadjusted)","Maertens 2016",0,0,"Observational (unadjusted)","Anti-PT Ab (maternal blood, delivery)","Maternal",4.90625,3.14673334,7.649611982,,,,"ROM",3,3,4,"Unclear","Unclear","Anti-pertussis toxin","PT",,,57,31.4,26,38,,,,41,6.4,4.3,9.6,,,1.590509903,1.14636488,2.034654925,
65,"Immunogenicity","Anti-PT Ab (maternal blood, delivery) - Observational studies (unadjusted)","Healy 2013",0,0,"Observational (unadjusted)","Anti-PT Ab (maternal blood, delivery)","Maternal",0.75,0.435331717,1.292118122,,,,"ROM",1,1,1,"High","High","Anti-pertussis toxin","PT",,,19,10.5,6.4,17.1,,,,86,14,11.1,17.7,,,-0.287682072,-0.831646971,0.256282827,
66,"Immunogenicity","Anti-FHA Ab (maternal blood, delivery) - RCTs","Nakabembe 2025a",0,1,"RCT","Anti-FHA Ab (maternal blood, delivery)","Maternal",3.531914894,1.988596339,6.27297887,,,,"ROM",1,1,1,"Low","Low","Anti-filamentous hemagglutinin","FHA",,,40,66.4,41.7,105.7,,,,41,18.8,13.4,26.3,,,1.261840187,0.687429033,1.836251341,
66,"Immunogenicity","Anti-FHA Ab (maternal blood, delivery) - RCTs","Nakabembe 2025b",0,1,"RCT","Anti-FHA Ab (maternal blood, delivery)","Maternal",12.78181818,8.43552729,19.36747644,,,,"ROM",5,5,5,"Low","Low","Anti-filamentous hemagglutinin","FHA",,,50,210.9,158.1,281.4,,,,50,16.5,12.2,22.2,,,2.548023707,2.132452226,2.963595187,
66,"Immunogenicity","Anti-FHA Ab (maternal blood, delivery) - RCTs","Haidara 2024",0,1,"RCT","Anti-FHA Ab (maternal blood, delivery)","Maternal",10.50653595,8.091257355,13.64278663,,,,"ROM",4,4,3,"Low","Low","Anti-filamentous hemagglutinin","FHA",,,127,321.5,275,375.8,,,,64,30.6,24.8,37.7,,,2.351997535,2.09078414,2.61321093,
66,"Immunogenicity","Anti-FHA Ab (maternal blood, delivery) - RCTs","Munoz 2014",0,1,"RCT","Anti-FHA Ab (maternal blood, delivery)","Maternal",8.438356164,4.006560623,17.77231432,,,,"ROM",3,2,4,"Unclear","Unclear","Anti-filamentous hemagglutinin","FHA",,,33,184.8,142.8,239.1,,,,14,21.9,10.9,44.1,,,2.132787522,1.387933173,2.877641871,
66,"Immunogenicity","Anti-FHA Ab (maternal blood, delivery) - RCTs","Hoang 2016",0,1,"RCT","Anti-FHA Ab (maternal blood, delivery)","Maternal",8.034682081,5.834307347,11.06491522,,,,"ROM",2,3,2,"Unclear","Unclear","Anti-filamentous hemagglutinin","FHA",,,51,139,109,176,,,,47,17.3,14,21.4,,,2.083767432,1.763755552,2.403779311,
67,"Immunogenicity","Anti-FIM Ab (maternal blood, delivery) - RCTs","Haidara 2024",0,1,"RCT","Anti-FIM Ab (maternal blood, delivery)","Maternal",1.308457711,0.870213968,1.967403013,,,,"ROM",1,1,1,"Low","Low","Anti-fimbriae","FIM",,,127,26.3,21,33,,,,64,20.1,14.3,28.2,,,0.268849124,-0.139016157,0.676714405,
67,"Immunogenicity","Anti-FIM Ab (maternal blood, delivery) - RCTs","Munoz 2014",0,1,"RCT","Anti-FIM Ab (maternal blood, delivery)","Maternal",42.57020057,17.86876934,101.4183989,,,,"ROM",2,2,2,"Unclear","Unclear","Anti-fimbriae","FIM",,,33,1485.7,979.9,2252.6,,,,14,34.9,16.3,74.8,,,3.751154491,2.88305446,4.619254523,
68,"Immunogenicity","Anti-PRN Ab (maternal blood, delivery) - RCTs","Haidara 2024",0,1,"RCT","Anti-PRN Ab (maternal blood, delivery)","Maternal",32.2745098,20.60995546,50.54081679,,,,"ROM",3,3,3,"Low","Low","Anti-pertactin","PRN",,,127,164.6,121,224.1,,,,64,5.1,3.7,7.1,,,3.474277749,3.025774234,3.922781263,
68,"Immunogenicity","Anti-PRN Ab (maternal blood, delivery) - RCTs","Munoz 2014",0,1,"RCT","Anti-PRN Ab (maternal blood, delivery)","Maternal",15.12295082,5.602636762,40.82071554,,,,"ROM",2,1,2,"Unclear","Unclear","Anti-pertactin","PRN",,,33,184.5,110.2,308.8,,,,14,12.2,5.2,28.4,,,2.716213512,1.723237337,3.709189686,
68,"Immunogenicity","Anti-PRN Ab (maternal blood, delivery) - RCTs","Hoang 2016",0,1,"RCT","Anti-PRN Ab (maternal blood, delivery)","Maternal",11.80851064,7.281026971,19.15127139,,,,"ROM",1,2,1,"Unclear","Unclear","Anti-pertactin","PRN",,,51,111,76,163,,,,47,9.4,6.9,12.5,,,2.468820512,1.98527192,2.952369104,
69,"Immunogenicity","Anti-PT Ab (maternal blood, delivery) - RCTs","Nakabembe 2025a",0,1,"RCT","Anti-PT Ab (maternal blood, delivery)","Maternal",8.568627451,4.721993522,15.54880922,,,,"ROM",4,4,4,"Low","Low","Anti-pertussis toxin","PT",,,40,87.4,55.1,138.5,,,,41,10.2,7,14.9,,,2.148107562,1.552231067,2.743984058,
69,"Immunogenicity","Anti-PT Ab (maternal blood, delivery) - RCTs","Nakabembe 2025b",0,1,"RCT","Anti-PT Ab (maternal blood, delivery)","Maternal",18.59090909,10.50302993,32.90687574,,,,"ROM",5,5,5,"Low","Low","Anti-pertussis toxin","PT",,,50,122.7,79.4,186.6,,,,50,6.6,4.5,9.6,,,2.922672703,2.35166378,3.493681625,
69,"Immunogenicity","Anti-PT Ab (maternal blood, delivery) - RCTs","Haidara 2024",0,1,"RCT","Anti-PT Ab (maternal blood, delivery)","Maternal",4.653465347,3.301356136,6.559346778,,,,"ROM",2,3,2,"Low","Low","Anti-pertussis toxin","PT",,,127,47,40.1,55.1,,,,64,10.1,7.4,13.6,,,1.537612178,1.194333334,1.880891021,
69,"Immunogenicity","Anti-PT Ab (maternal blood, delivery) - RCTs","Munoz 2014",0,1,"RCT","Anti-PT Ab (maternal blood, delivery)","Maternal",5.604395604,2.653576781,11.83657105,,,,"ROM",3,2,3,"Unclear","Unclear","Anti-pertussis toxin","PT",,,33,51,37.1,70.1,,,,14,9.1,4.6,17.8,,,1.723551219,0.975908458,2.47119398,
69,"Immunogenicity","Anti-PT Ab (maternal blood, delivery) - RCTs","Hoang 2016",0,1,"RCT","Anti-PT Ab (maternal blood, delivery)","Maternal",3.035087719,2.059727259,4.472319052,,,,"ROM",1,1,1,"Unclear","Unclear","Anti-pertussis toxin","PT",,,51,17.3,13,22,,,,47,5.7,4.3,7.6,,,1.110240327,0.722573576,1.497907078,
70,"Immunogenicity","Anti-PT Ab (breast milk) - Observational studies (unadjusted)","Lima 2019",0,0,"Observational (unadjusted)","Anti-PT Ab (breast milk)","Maternal",0.82472067,0.590089039,1.152646702,,,,"ROM",1,1,1,"Critical","Critical","Anti-pertussis toxin","PT",,,66,118.1,88.7,157.2,,,,101,143.2,120.3,170.3,,,-0.192710531,-0.527481841,0.142060778,
70,"Immunogenicity","Anti-PT Ab (breast milk) - Observational studies (unadjusted)","Orije 2021a",0,0,"Observational (unadjusted)","Anti-PT Ab (breast milk)","Maternal",3.666666667,2.348684594,5.724244318,,,,"ROM",4,4,3,"Serious","Serious","Anti-pertussis toxin","PT",,,64,0.11,0.08,0.14,,,,5,0.03,0.02,0.04,,,1.299282984,0.853855424,1.744710544,
70,"Immunogenicity","Anti-PT Ab (breast milk) - Observational studies (unadjusted)","Orije 2021b",0,0,"Observational (unadjusted)","Anti-PT Ab (breast milk)","Maternal",2.8,1.039375934,7.542987813,,,,"ROM",2,2,4,"Serious","Serious","Anti-pertussis toxin","PT",,,28,0.14,0.09,0.21,,,,7,0.05,0.02,0.12,,,1.029619417,0.038620469,2.020618365,
70,"Immunogenicity","Anti-PT Ab (breast milk) - Observational studies (unadjusted)","DeSchutter 2015",0,0,"Observational (unadjusted)","Anti-PT Ab (breast milk)","Maternal",2.894736842,1.583243537,5.292616828,,,,"ROM",3,3,2,"Unclear","Unclear","Anti-pertussis toxin","PT",,,19,0.55,0.31,0.98,,,,9,0.19,0.16,0.23,,,1.062894206,0.459475614,1.666312798,
1,"Effectiveness","Pertussis infection (infant) - Observational studies (unadjusted)","Pooled",1,0,"Observational (unadjusted)","Pertussis infection (infant)","Infant",0.812755167,0.465396438,1.419372619,0.074026182,"0.0623",0.553158968,,1,1,1,,,,,,,,,,,,,,,,,,,,,,,
2,"Safety - infant","Congenital abnormalities - Observational studies (unadjusted)","Pooled",1,0,"Observational (unadjusted)","Congenital abnormalities","Infant",0.455565637,0.000164454,1261.991892,0.489146749,"0.102",0.626016605,,1,1,1,,,,,,,,,,,,,,,,,,,,,,,
3,"Safety - infant","Congenital abnormalities - RCTs","Pooled",1,1,"RCT","Congenital abnormalities","Infant",0.988403853,0.050887503,19.19807647,0.577113409,"0.255",0.267324979,,1,1,1,,,,,,,,,,,,,,,,,,,,,,,
4,"Safety - infant","Low birth weight - Observational studies (unadjusted)","Pooled",1,0,"Observational (unadjusted)","Low birth weight","Infant",1.208748103,0.986795459,1.480622922,0,"0.8",0,,1,1,1,,,,,,,,,,,,,,,,,,,,,,,
5,"Safety - infant","Neonatal mortality - Observational studies (unadjusted)","Pooled",1,0,"Observational (unadjusted)","Neonatal mortality","Infant",0.557286849,0.155789102,1.99351962,0,"0.459",0,,1,1,1,,,,,,,,,,,,,,,,,,,,,,,
7,"Safety - infant","Small for gestational age - Observational studies (unadjusted)","Pooled",1,0,"Observational (unadjusted)","Small for gestational age","Infant",0.934466408,0.486197947,1.796032818,0.037046611,"0.0903",0.584064117,,1,1,1,,,,,,,,,,,,,,,,,,,,,,,
8,"Safety - maternal","Fever (maternal) - Observational studies (unadjusted)","Pooled",1,0,"Observational (unadjusted)","Fever (maternal)","Maternal",2.013553256,0.554135679,7.316613732,0.257951487,"0.0408",0.637034429,,1,1,1,,,,,,,,,,,,,,,,,,,,,,,
9,"Safety - maternal","Fever (maternal) - RCTs","Pooled",1,1,"RCT","Fever (maternal)","Maternal",1.514943323,0.695084677,3.301832633,0,"0.921",0,,1,1,1,,,,,,,,,,,,,,,,,,,,,,,
10,"Safety - maternal","Gestational diabetes - Observational studies (unadjusted)","Pooled",1,0,"Observational (unadjusted)","Gestational diabetes","Maternal",1.05005084,1.017112476,1.084055887,0.194396635,"0.0544",0.729675563,,1,1,1,,,,,,,,,,,,,,,,,,,,,,,
11,"Safety - maternal","Gestational diabetes - RCTs","Pooled",1,1,"RCT","Gestational diabetes","Maternal",0.562329803,0.062602802,5.051128675,0,"0.749",0,,1,1,1,,,,,,,,,,,,,,,,,,,,,,,
12,"Safety - maternal","Preeclampsia/eclampsia - Observational studies (unadjusted)","Pooled",1,0,"Observational (unadjusted)","Preeclampsia/eclampsia","Maternal",0.889726734,0.335558894,2.359090094,0.276377444,"0.00218",0.794758051,,1,1,1,,,,,,,,,,,,,,,,,,,,,,,
13,"Safety - maternal","Preeclampsia/eclampsia - RCTs","Pooled",1,1,"RCT","Preeclampsia/eclampsia","Maternal",0.582253141,0.373962279,0.9065586,0,"0.961",0,,1,1,1,,,,,,,,,,,,,,,,,,,,,,,
14,"Safety - maternal","Other adverse events - Observational studies (unadjusted)","Pooled",1,0,"Observational (unadjusted)","Other adverse events","Maternal",1.302664628,0.940357885,1.804563091,0.039792572,"<0.001",0.827246389,,1,1,1,,,,,,,,,,,,,,,,,,,,,,,
15,"Safety - maternal","Other adverse events - RCTs","Pooled",1,1,"RCT","Other adverse events","Maternal",0.874944251,0.396942787,1.928558642,0.058953855,"0.0808",0.602534779,,1,1,1,,,,,,,,,,,,,,,,,,,,,,,
16,"Safety - maternal","Other pregnancy-related adverse events - RCTs","Pooled",1,1,"RCT","Other pregnancy-related adverse events","Maternal",1.000222121,0.658937835,1.518268096,0,"0.632",0,,1,1,1,,,,,,,,,,,,,,,,,,,,,,,
17,"Safety - maternal","Other placental conditions (non-chorioamnionitis) - Observational studies (unadjusted)","Pooled",1,0,"Observational (unadjusted)","Other placental conditions (non-chorioamnionitis)","Maternal",1.01558872,0.960665867,1.073651603,0,"0.748",0,,1,1,1,,,,,,,,,,,,,,,,,,,,,,,
18,"Safety - maternal","Other placental conditions (non-chorioamnionitis) - RCTs","Pooled",1,1,"RCT","Other placental conditions (non-chorioamnionitis)","Maternal",0.956458169,0.307351098,2.976440417,9.577576213,"0.0213",0.811413209,,1,1,1,,,,,,,,,,,,,,,,,,,,,,,
19,"Safety - maternal","Preterm birth - Observational studies (unadjusted)","Pooled",1,0,"Observational (unadjusted)","Preterm birth","Maternal",0.694379751,0.53304382,0.904547094,0.079587386,"<0.001",0.947030695,,1,1,1,,,,,,,,,,,,,,,,,,,,,,,
20,"Safety - maternal","Preterm birth - RCTs","Pooled",1,1,"RCT","Preterm birth","Maternal",0.997269588,0.73826903,1.347133079,0,"0.955",0,,1,1,1,,,,,,,,,,,,,,,,,,,,,,,
21,"Safety - maternal","Severe adverse events - Observational studies (unadjusted)","Pooled",1,0,"Observational (unadjusted)","Severe adverse events","Maternal",5.066195744,4.672293481,5.493306322,0,"0.992",0,,1,1,1,,,,,,,,,,,,,,,,,,,,,,,
22,"Safety - maternal","Severe adverse events - RCTs","Pooled",1,1,"RCT","Severe adverse events","Maternal",0.963317843,0.673330605,1.378195584,0,"0.707",0,,1,1,1,,,,,,,,,,,,,,,,,,,,,,,
23,"Safety - maternal","Stillbirth - Observational studies (unadjusted)","Pooled",1,0,"Observational (unadjusted)","Stillbirth","Maternal",0.528175181,0.181498463,1.537032425,0,"0.63",0,,1,1,1,,,,,,,,,,,,,,,,,,,,,,,
24,"Safety - maternal","Stillbirth - RCTs","Pooled",1,1,"RCT","Stillbirth","Maternal",0.823531214,0.056346333,12.03634069,0,"0.526",0,,1,1,1,,,,,,,,,,,,,,,,,,,,,,,
25,"Effectiveness","Pertussis complications (infant) - Observational studies (adjusted)","Pooled",1,0,"Observational (adjusted)","Pertussis complications (infant)","Infant",0.310360982,0.162897679,0.591315602,0.157041537,"0.226",0.26494436,,1,1,1,,,,,,,,,,,,,,,,,,,,,,,
26,"Effectiveness","Pertussis infection (infant) - Observational studies (adjusted)","Pooled",1,0,"Observational (adjusted)","Pertussis infection (infant)","Infant",0.266231059,0.163712352,0.432948253,0.421733136,"<0.001",0.668070771,,1,1,1,,,,,,,,,,,,,,,,,,,,,,,
27,"Safety - infant","Congenital abnormalities - Observational studies (adjusted)","Pooled",1,0,"Observational (adjusted)","Congenital abnormalities","Infant",0.952761951,0.844115751,1.075392012,0.00708001,"0.00666",0.688804175,,1,1,1,,,,,,,,,,,,,,,,,,,,,,,
28,"Safety - infant","Low birth weight - Observational studies (adjusted)","Pooled",1,0,"Observational (adjusted)","Low birth weight","Infant",0.738158672,0.684757833,0.795723974,0,"0.591",0,,1,1,1,,,,,,,,,,,,,,,,,,,,,,,
29,"Safety - infant","NICU admission - Observational studies (adjusted)","Pooled",1,0,"Observational (adjusted)","NICU admission","Infant",0.810269415,0.610651491,1.075141115,0.058082299,"<0.001",0.982077103,,1,1,1,,,,,,,,,,,,,,,,,,,,,,,
30,"Safety - infant","Neonatal mortality - Observational studies (adjusted)","Pooled",1,0,"Observational (adjusted)","Neonatal mortality","Infant",0.376483103,0.281618189,0.503303879,0.31553912,"0.0319",0.7826852,,1,1,1,,,,,,,,,,,,,,,,,,,,,,,
31,"Safety - infant","Neonatal sepsis - Observational studies (adjusted)","Pooled",1,0,"Observational (adjusted)","Neonatal sepsis","Infant",0.862556463,0.813802203,0.914231553,0,"0.39",0.002938512,,1,1,1,,,,,,,,,,,,,,,,,,,,,,,
32,"Safety - infant","Small for gestational age - Observational studies (adjusted)","Pooled",1,0,"Observational (adjusted)","Small for gestational age","Infant",0.846015454,0.79826702,0.896619965,0.000941321,"0.201",0.312484561,,1,1,1,,,,,,,,,,,,,,,,,,,,,,,
33,"Safety - maternal","Chorioamnionitis - Observational studies (adjusted)","Pooled",1,0,"Observational (adjusted)","Chorioamnionitis","Maternal",1.101388522,1.003722504,1.208557814,0.005635747,"<0.001",0.823913157,,1,1,1,,,,,,,,,,,,,,,,,,,,,,,
34,"Safety - maternal","Preeclampsia/eclampsia - Observational studies (adjusted)","Pooled",1,0,"Observational (adjusted)","Preeclampsia/eclampsia","Maternal",1.00751383,0.887525537,1.143723843,0.020431751,"<0.001",0.884722654,,1,1,1,,,,,,,,,,,,,,,,,,,,,,,
35,"Safety - maternal","Other adverse events - Observational studies (adjusted)","Pooled",1,0,"Observational (adjusted)","Other adverse events","Maternal",0.899473182,0.834634103,0.969349325,0,"0.502",0,,1,1,1,,,,,,,,,,,,,,,,,,,,,,,
36,"Safety - maternal","Other pregnancy-related adverse events - Observational studies (adjusted)","Pooled",1,0,"Observational (adjusted)","Other pregnancy-related adverse events","Maternal",0.505236954,0.01994438,12.79881258,1.430635126,"0.00148",0.846566584,,1,1,1,,,,,,,,,,,,,,,,,,,,,,,
37,"Safety - maternal","Other placental conditions (non-chorioamnionitis) - Observational studies (adjusted)","Pooled",1,0,"Observational (adjusted)","Other placental conditions (non-chorioamnionitis)","Maternal",0.979300244,0.899574083,1.066092262,0.040658695,"0.03",0.787603499,,1,1,1,,,,,,,,,,,,,,,,,,,,,,,
38,"Safety - maternal","Preterm birth - Observational studies (adjusted)","Pooled",1,0,"Observational (adjusted)","Preterm birth","Maternal",0.863633189,0.748659665,0.996263482,0.027946794,"<0.001",0.968825051,,1,1,1,,,,,,,,,,,,,,,,,,,,,,,
39,"Safety - maternal","Severe adverse events - Observational studies (adjusted)","Pooled",1,0,"Observational (adjusted)","Severe adverse events","Maternal",0.847752449,0.731141983,0.982961218,0,"0.674",0,,1,1,1,,,,,,,,,,,,,,,,,,,,,,,
40,"Safety - maternal","Stillbirth - Observational studies (adjusted)","Pooled",1,0,"Observational (adjusted)","Stillbirth","Maternal",0.544049855,0.16500993,1.793772319,0.524627578,"<0.001",0.962329895,,1,1,1,,,,,,,,,,,,,,,,,,,,,,,
41,"Immunogenicity","Anti-FHA Ab (infant blood, age 2 mo) - Observational studies (unadjusted)","Pooled",1,0,"Observational (unadjusted)","Anti-FHA Ab (infant blood, age 2 mo)","Infant",7.036359816,4.044997818,12.23989769,0.070435533,"0.0391",0.641120834,,1,1,1,,,"Anti-filamentous hemagglutinin","FHA",,,,,,,,,,,,,,,,,,,
42,"Immunogenicity","Anti-PRN Ab (infant blood, age 2 mo) - Observational studies (unadjusted)","Pooled",1,0,"Observational (unadjusted)","Anti-PRN Ab (infant blood, age 2 mo)","Infant",13.5284624,6.3437847,28.85017438,0.11471123,"0.174",0.397068238,,1,1,1,,,"Anti-pertactin","PRN",,,,,,,,,,,,,,,,,,,
43,"Immunogenicity","Anti-PT Ab (infant blood, age 2 mo) - Observational studies (unadjusted)","Pooled",1,0,"Observational (unadjusted)","Anti-PT Ab (infant blood, age 2 mo)","Infant",6.029035007,3.18222779,11.42258365,0.208999368,"<0.001",0.868305586,,1,1,1,,,"Anti-pertussis toxin","PT",,,,,,,,,,,,,,,,,,,
44,"Immunogenicity","Anti-FHA Ab (infant blood, age 2 mo) - RCTs","Pooled",1,1,"RCT","Anti-FHA Ab (infant blood, age 2 mo)","Infant",4.53233682,3.697875143,5.555102932,1.015581369,"<0.001",0.978332943,,1,1,1,,,"Anti-filamentous hemagglutinin","FHA",,,,,,,,,,,,,,,,,,,
45,"Immunogenicity","Anti-PRN Ab (infant blood, age 2 mo) - RCTs","Pooled",1,1,"RCT","Anti-PRN Ab (infant blood, age 2 mo)","Infant",13.35207675,1.15996793,153.6921401,0.922891639,"<0.001",0.943382493,,1,1,1,,,"Anti-pertactin","PRN",,,,,,,,,,,,,,,,,,,
46,"Immunogenicity","Anti-PT Ab (infant blood, age 2 mo) - RCTs","Pooled",1,1,"RCT","Anti-PT Ab (infant blood, age 2 mo)","Infant",3.469717342,0.747431494,16.10707941,0.329588643,"<0.001",0.89621181,,1,1,1,,,"Anti-pertussis toxin","PT",,,,,,,,,,,,,,,,,,,
47,"Immunogenicity","Anti-FHA Ab (infant blood, age 5 mo) - Observational studies (unadjusted)","Pooled",1,0,"Observational (unadjusted)","Anti-FHA Ab (infant blood, age 5 mo)","Infant",0.845496631,0.592286866,1.206956619,0.061820599,"<0.001",0.802554906,,1,1,1,,,"Anti-filamentous hemagglutinin","FHA",,,,,,,,,,,,,,,,,,,
48,"Immunogenicity","Anti-FIM Ab (infant blood, age 5 mo) - Observational studies (unadjusted)","Pooled",1,0,"Observational (unadjusted)","Anti-FIM Ab (infant blood, age 5 mo)","Infant",0.629403897,0.527606538,0.750842223,0.613209039,"<0.001",0.959188238,,1,1,1,,,"Anti-fimbriae","FIM",,,,,,,,,,,,,,,,,,,
49,"Immunogenicity","Anti-PRN Ab (infant blood, age 5 mo) - Observational studies (unadjusted)","Pooled",1,0,"Observational (unadjusted)","Anti-PRN Ab (infant blood, age 5 mo)","Infant",0.841319319,0.648522343,1.091432245,0,"0.621",0,,1,1,1,,,"Anti-pertactin","PRN",,,,,,,,,,,,,,,,,,,
50,"Immunogenicity","Anti-PT Ab (infant blood, age 5 mo) - Observational studies (unadjusted)","Pooled",1,0,"Observational (unadjusted)","Anti-PT Ab (infant blood, age 5 mo)","Infant",0.681806894,0.570912761,0.814241112,0.003835576,"0.33",0.131727208,,1,1,1,,,"Anti-pertussis toxin","PT",,,,,,,,,,,,,,,,,,,
51,"Immunogenicity","Anti-FHA Ab (infant blood, age 5 mo) - RCTs","Pooled",1,1,"RCT","Anti-FHA Ab (infant blood, age 5 mo)","Infant",1.159150882,1.021386866,1.315496421,0,"0.88",0,,1,1,1,,,"Anti-filamentous hemagglutinin","FHA",,,,,,,,,,,,,,,,,,,
52,"Immunogenicity","Anti-PRN Ab (infant blood, age 5 mo) - RCTs","Pooled",1,1,"RCT","Anti-PRN Ab (infant blood, age 5 mo)","Infant",0.662675944,0.509097832,0.862583534,0,"0.591",0,,1,1,1,,,"Anti-pertactin","PRN",,,,,,,,,,,,,,,,,,,
53,"Immunogenicity","Anti-PT Ab (infant blood, age 5 mo) - RCTs","Pooled",1,1,"RCT","Anti-PT Ab (infant blood, age 5 mo)","Infant",0.321116832,0.080133329,1.286805634,0.652049616,"<0.001",0.924283574,,1,1,1,,,"Anti-pertussis toxin","PT",,,,,,,,,,,,,,,,,,,
54,"Immunogenicity","Anti-FHA Ab (infant blood, birth) - Observational studies (unadjusted)","Pooled",1,0,"Observational (unadjusted)","Anti-FHA Ab (infant blood, birth)","Infant",5.329413091,2.604487174,10.90527309,0.525727501,"<0.001",0.899082292,,1,1,1,,,"Anti-filamentous hemagglutinin","FHA",,,,,,,,,,,,,,,,,,,
55,"Immunogenicity","Anti-FIM Ab (infant blood, birth) - Observational studies (unadjusted)","Pooled",1,0,"Observational (unadjusted)","Anti-FIM Ab (infant blood, birth)","Infant",8.0188299,5.244246156,12.26136819,3.307277345,"<0.001",0.960922142,,1,1,1,,,"Anti-fimbriae","FIM",,,,,,,,,,,,,,,,,,,
56,"Immunogenicity","Anti-PRN Ab (infant blood, birth) - Observational studies (unadjusted)","Pooled",1,0,"Observational (unadjusted)","Anti-PRN Ab (infant blood, birth)","Infant",12.15833506,4.993610407,29.6028523,0.790537476,"<0.001",0.876399248,,1,1,1,,,"Anti-pertactin","PRN",,,,,,,,,,,,,,,,,,,
57,"Immunogenicity","Anti-PT Ab (infant blood, birth) - Observational studies (unadjusted)","Pooled",1,0,"Observational (unadjusted)","Anti-PT Ab (infant blood, birth)","Infant",4.328617149,2.930098487,6.394640488,0.351830358,"<0.001",0.843326236,,1,1,1,,,"Anti-pertussis toxin","PT",,,,,,,,,,,,,,,,,,,
58,"Immunogenicity","Anti-FHA Ab (infant blood, birth) - RCTs","Pooled",1,1,"RCT","Anti-FHA Ab (infant blood, birth)","Infant",9.010331545,4.368278984,18.58536848,0.405009278,"<0.001",0.901746923,,1,1,1,,,"Anti-filamentous hemagglutinin","FHA",,,,,,,,,,,,,,,,,,,
59,"Immunogenicity","Anti-FIM Ab (infant blood, birth) - RCTs","Pooled",1,1,"RCT","Anti-FIM Ab (infant blood, birth)","Infant",3.407644088,2.147963459,5.406068794,4.756007189,"<0.001",0.969608293,,1,1,1,,,"Anti-fimbriae","FIM",,,,,,,,,,,,,,,,,,,
60,"Immunogenicity","Anti-PRN Ab (infant blood, birth) - RCTs","Pooled",1,1,"RCT","Anti-PRN Ab (infant blood, birth)","Infant",18.45786204,8.670656861,39.29260221,0.293212312,"<0.001",0.825832104,,1,1,1,,,"Anti-pertactin","PRN",,,,,,,,,,,,,,,,,,,
61,"Immunogenicity","Anti-PT Ab (infant blood, birth) - RCTs","Pooled",1,1,"RCT","Anti-PT Ab (infant blood, birth)","Infant",6.562916378,3.560380867,12.09754602,0.371262956,"<0.001",0.870389988,,1,1,1,,,"Anti-pertussis toxin","PT",,,,,,,,,,,,,,,,,,,
62,"Immunogenicity","Anti-FHA Ab (maternal blood, delivery) - Observational studies (unadjusted)","Pooled",1,0,"Observational (unadjusted)","Anti-FHA Ab (maternal blood, delivery)","Maternal",8.139764035,3.136554332,21.12374011,0.985992892,"<0.001",0.930433402,,1,1,1,,,"Anti-filamentous hemagglutinin","FHA",,,,,,,,,,,,,,,,,,,
63,"Immunogenicity","Anti-FIM Ab (maternal blood, delivery) - Observational studies (unadjusted)","Pooled",1,0,"Observational (unadjusted)","Anti-FIM Ab (maternal blood, delivery)","Maternal",1.333213107,0.749949205,2.37010344,0.235713906,"0.132",0.559754878,,1,1,1,,,"Anti-fimbriae","FIM",,,,,,,,,,,,,,,,,,,
64,"Immunogenicity","Anti-PRN Ab (maternal blood, delivery) - Observational studies (unadjusted)","Pooled",1,0,"Observational (unadjusted)","Anti-PRN Ab (maternal blood, delivery)","Maternal",15.21024377,4.921272227,47.01050966,1.339436021,"<0.001",0.899940178,,1,1,1,,,"Anti-pertactin","PRN",,,,,,,,,,,,,,,,,,,
65,"Immunogenicity","Anti-PT Ab (maternal blood, delivery) - Observational studies (unadjusted)","Pooled",1,0,"Observational (unadjusted)","Anti-PT Ab (maternal blood, delivery)","Maternal",6.211048514,2.926803461,13.18063347,0.872971125,"<0.001",0.912890907,,1,1,1,,,"Anti-pertussis toxin","PT",,,,,,,,,,,,,,,,,,,
66,"Immunogenicity","Anti-FHA Ab (maternal blood, delivery) - RCTs","Pooled",1,1,"RCT","Anti-FHA Ab (maternal blood, delivery)","Maternal",8.228616855,4.554124652,14.86787045,0.171231215,"0.00518",0.729334364,,1,1,1,,,"Anti-filamentous hemagglutinin","FHA",,,,,,,,,,,,,,,,,,,
67,"Immunogenicity","Anti-FIM Ab (maternal blood, delivery) - RCTs","Pooled",1,1,"RCT","Anti-FIM Ab (maternal blood, delivery)","Maternal",2.456042762,1.697925581,3.552656322,5.943483674,"<0.001",0.980252178,,1,1,1,,,"Anti-fimbriae","FIM",,,,,,,,,,,,,,,,,,,
68,"Immunogenicity","Anti-PRN Ab (maternal blood, delivery) - RCTs","Pooled",1,1,"RCT","Anti-PRN Ab (maternal blood, delivery)","Maternal",18.55822889,4.627031718,74.43386616,0.21155802,"0.0099",0.783316216,,1,1,1,,,"Anti-pertactin","PRN",,,,,,,,,,,,,,,,,,,
69,"Immunogenicity","Anti-PT Ab (maternal blood, delivery) - RCTs","Pooled",1,1,"RCT","Anti-PT Ab (maternal blood, delivery)","Maternal",6.468938529,2.733728099,15.30772783,0.406145671,"<0.001",0.864544769,,1,1,1,,,"Anti-pertussis toxin","PT",,,,,,,,,,,,,,,,,,,
70,"Immunogenicity","Anti-PT Ab (breast milk) - Observational studies (unadjusted)","Pooled",1,0,"Observational (unadjusted)","Anti-PT Ab (breast milk)","Maternal",2.139032341,0.692201169,6.610013909,0.408162265,"<0.001",0.909793727,,1,1,1,,,"Anti-pertussis toxin","PT",,,,,,,,,,,,,,,,,,,
